age,employment_years,annual_income,loan_amount,loan_duration_months,num_credit_lines,credit_history_score,housing_status,marital_status,loan_purpose,defaulted
60.0,13.2,250.0,120.0,32.0,7.0,451.0,rent,married,home_improvement,0
57.0,8.0,250.0,120.0,34.0,10.0,593.0,own,divorced,medical,0
58.0,10.6,250.0,120.0,49.0,10.0,317.0,rent,single,home_improvement,0
33.0,13.6,250.0,120.0,44.0,9.0,300.0,rent,married,business,1
41.0,12.0,250.0,120.0,31.0,7.0,377.0,own,married,business,0
47.0,8.8,104.0,120.0,29.0,10.0,346.0,free,married,education,0
39.0,9.8,250.0,120.0,41.0,4.0,357.0,rent,married,education,1
43.0,14.8,250.0,101.0,39.0,12.0,432.0,rent,married,home_improvement,0
50.0,14.2,168.0,120.0,25.0,4.0,412.0,own,single,car,0
50.0,0.4,201.0,36.0,30.0,10.0,797.0,rent,married,car,0
49.0,12.3,122.0,120.0,34.0,8.0,377.0,own,single,education,0
56.0,10.3,250.0,120.0,48.0,9.0,300.0,free,single,home_improvement,1
51.0,15.0,250.0,120.0,41.0,5.0,373.0,rent,married,home_improvement,1
41.0,15.4,250.0,120.0,35.0,11.0,364.0,rent,married,business,0
40.0,11.7,250.0,120.0,36.0,4.0,329.0,own,divorced,business,0
38.0,11.6,250.0,120.0,19.0,6.0,329.0,own,single,car,0
45.0,13.8,250.0,120.0,47.0,5.0,342.0,rent,single,education,1
57.0,3.3,250.0,120.0,39.0,12.0,769.0,own,divorced,car,0
38.0,12.5,250.0,73.0,37.0,10.0,441.0,rent,single,home_improvement,0
49.0,14.7,250.0,120.0,48.0,6.0,452.0,rent,single,home_improvement,0
51.0,16.1,250.0,120.0,42.0,6.0,346.0,rent,single,education,0
49.0,10.2,250.0,120.0,32.0,12.0,300.0,own,married,education,0
48.0,9.5,250.0,120.0,31.0,7.0,371.0,free,divorced,education,1
40.0,12.5,250.0,120.0,47.0,10.0,394.0,rent,married,medical,0
37.0,12.2,250.0,120.0,47.0,9.0,384.0,rent,married,business,1
40.0,15.0,250.0,94.0,39.0,11.0,405.0,own,single,home_improvement,0
52.0,13.6,250.0,120.0,38.0,3.0,351.0,rent,single,business,1
50.0,13.4,250.0,120.0,41.0,11.0,300.0,own,married,home_improvement,0
49.0,18.7,250.0,120.0,29.0,4.0,393.0,own,single,business,0
51.0,10.1,250.0,120.0,52.0,3.0,317.0,rent,single,education,0
50.0,16.3,250.0,120.0,47.0,4.0,394.0,rent,single,medical,0
47.0,4.2,250.0,120.0,40.0,5.0,416.0,free,single,home_improvement,1
47.0,7.8,250.0,120.0,34.0,6.0,421.0,own,married,home_improvement,0
51.0,11.2,250.0,120.0,40.0,8.0,354.0,own,married,medical,0
44.0,12.0,250.0,120.0,43.0,4.0,300.0,rent,single,education,1
53.0,13.3,250.0,120.0,44.0,5.0,332.0,own,married,car,0
40.0,13.6,250.0,120.0,40.0,6.0,300.0,own,married,business,0
56.0,13.3,250.0,120.0,37.0,8.0,359.0,rent,married,education,0
49.0,13.3,250.0,120.0,28.0,5.0,439.0,own,married,business,0
46.0,13.7,250.0,120.0,44.0,3.0,355.0,rent,married,education,0
38.0,10.9,250.0,120.0,34.0,6.0,369.0,own,married,education,0
45.0,9.8,250.0,120.0,28.0,4.0,303.0,rent,single,education,1
37.0,11.2,250.0,120.0,43.0,2.0,300.0,rent,single,education,1
42.0,7.3,250.0,120.0,44.0,4.0,342.0,own,single,home_improvement,0
50.0,15.8,250.0,120.0,35.0,3.0,366.0,rent,married,business,0
50.0,13.3,250.0,120.0,30.0,6.0,355.0,rent,single,business,0
41.0,14.5,250.0,120.0,45.0,4.0,300.0,own,single,car,0
46.0,9.2,250.0,120.0,37.0,5.0,359.0,own,married,business,0
50.0,6.7,250.0,120.0,37.0,3.0,375.0,rent,single,car,1
47.0,13.3,250.0,120.0,37.0,3.0,332.0,own,single,education,0
41.0,9.4,250.0,120.0,39.0,7.0,341.0,own,single,business,0
52.0,14.9,250.0,120.0,41.0,4.0,351.0,own,married,car,0
51.0,12.8,250.0,120.0,31.0,5.0,388.0,rent,single,education,0
50.0,15.1,203.0,120.0,27.0,4.0,403.0,rent,single,education,0
46.0,14.7,250.0,120.0,34.0,2.0,322.0,rent,single,medical,1
44.0,16.4,250.0,120.0,35.0,3.0,336.0,rent,married,medical,0
40.0,16.4,250.0,120.0,38.0,7.0,300.0,rent,divorced,car,1
50.0,10.9,250.0,120.0,43.0,3.0,384.0,rent,married,home_improvement,1
42.0,5.9,250.0,120.0,47.0,6.0,421.0,own,married,home_improvement,0
52.0,11.8,250.0,120.0,38.0,4.0,449.0,own,divorced,education,0
51.0,15.2,250.0,120.0,44.0,3.0,508.0,rent,divorced,business,1
51.0,12.7,250.0,120.0,30.0,10.0,300.0,rent,married,home_improvement,0
42.0,12.7,250.0,120.0,31.0,8.0,413.0,rent,divorced,education,1
53.0,4.5,250.0,111.0,31.0,7.0,642.0,rent,divorced,car,0
59.0,4.3,250.0,120.0,41.0,9.0,724.0,rent,married,education,0
51.0,12.9,250.0,120.0,46.0,5.0,318.0,rent,married,education,1
48.0,12.2,250.0,120.0,43.0,3.0,429.0,rent,single,education,1
52.0,6.8,250.0,120.0,43.0,5.0,458.0,own,single,education,0
59.0,10.4,250.0,120.0,39.0,9.0,300.0,own,married,car,0
51.0,10.8,250.0,120.0,48.0,9.0,357.0,own,married,medical,1
50.0,12.5,243.0,120.0,48.0,6.0,424.0,own,married,car,0
64.0,10.9,250.0,107.0,54.0,12.0,449.0,own,married,home_improvement,0
50.0,12.7,232.0,120.0,34.0,2.0,496.0,rent,married,home_improvement,0
63.0,9.6,250.0,120.0,37.0,6.0,508.0,own,married,home_improvement,0
54.0,15.4,250.0,120.0,47.0,6.0,390.0,own,single,medical,0
44.0,3.8,250.0,120.0,32.0,5.0,520.0,own,single,car,0
32.0,8.0,250.0,120.0,36.0,4.0,356.0,own,married,education,0
34.0,8.7,250.0,120.0,26.0,6.0,300.0,rent,married,car,0
56.0,13.5,250.0,120.0,46.0,8.0,430.0,rent,divorced,business,0
51.0,12.9,250.0,120.0,47.0,6.0,300.0,rent,divorced,home_improvement,0
44.0,14.6,250.0,120.0,39.0,6.0,369.0,rent,divorced,medical,1
51.0,6.3,250.0,120.0,31.0,12.0,765.0,own,single,education,0
37.0,11.3,250.0,120.0,30.0,4.0,358.0,rent,married,education,0
56.0,8.0,250.0,120.0,32.0,7.0,525.0,own,single,medical,0
60.0,7.1,250.0,120.0,42.0,11.0,300.0,own,married,home_improvement,1
44.0,15.6,250.0,120.0,25.0,12.0,356.0,own,divorced,home_improvement,0
58.0,9.6,250.0,120.0,41.0,12.0,300.0,rent,single,business,1
51.0,16.5,250.0,120.0,41.0,3.0,376.0,rent,married,business,0
51.0,9.5,250.0,120.0,38.0,10.0,320.0,own,single,education,0
64.0,9.9,250.0,120.0,29.0,11.0,341.0,rent,single,home_improvement,0
52.0,10.9,250.0,120.0,47.0,8.0,430.0,own,single,education,0
41.0,12.7,250.0,120.0,31.0,6.0,364.0,rent,single,medical,0
42.0,12.7,250.0,120.0,33.0,8.0,378.0,own,divorced,car,0
64.0,11.8,250.0,120.0,35.0,8.0,521.0,own,married,business,0
52.0,11.5,250.0,120.0,40.0,10.0,300.0,own,married,education,0
51.0,9.4,250.0,120.0,34.0,12.0,300.0,rent,married,home_improvement,1
52.0,12.0,250.0,120.0,41.0,10.0,407.0,own,single,home_improvement,0
44.0,14.6,250.0,120.0,32.0,9.0,300.0,own,single,medical,0
55.0,7.3,250.0,120.0,46.0,5.0,470.0,own,married,home_improvement,0
49.0,13.2,250.0,120.0,38.0,2.0,432.0,free,single,education,0
51.0,9.7,250.0,120.0,34.0,7.0,300.0,free,divorced,education,1
51.0,13.4,250.0,120.0,34.0,4.0,312.0,rent,single,medical,0
61.0,8.3,250.0,104.0,42.0,12.0,300.0,own,married,business,1
49.0,10.5,138.0,120.0,30.0,7.0,435.0,free,married,car,1
50.0,9.7,250.0,120.0,51.0,3.0,300.0,rent,single,medical,1
45.0,7.2,250.0,120.0,18.0,6.0,402.0,rent,single,home_improvement,1
50.0,10.8,148.0,120.0,49.0,3.0,513.0,own,divorced,car,0
47.0,11.6,250.0,120.0,40.0,4.0,456.0,own,single,home_improvement,0
41.0,15.4,250.0,120.0,30.0,12.0,355.0,own,married,home_improvement,0
48.0,19.2,109.0,120.0,37.0,7.0,354.0,free,married,home_improvement,0
61.0,10.3,250.0,83.0,28.0,11.0,335.0,rent,single,medical,1
44.0,15.4,250.0,120.0,42.0,11.0,388.0,own,married,business,0
40.0,11.0,250.0,120.0,26.0,2.0,317.0,own,married,business,0
53.0,3.8,250.0,120.0,37.0,7.0,590.0,rent,single,home_improvement,0
38.0,12.9,250.0,120.0,26.0,11.0,343.0,own,married,car,0
42.0,12.9,250.0,120.0,29.0,3.0,340.0,rent,single,car,0
38.0,14.2,250.0,120.0,38.0,2.0,300.0,rent,single,medical,0
54.0,9.4,250.0,120.0,38.0,12.0,300.0,rent,married,education,1
51.0,11.6,250.0,120.0,46.0,8.0,393.0,own,divorced,business,0
36.0,11.1,250.0,120.0,43.0,3.0,300.0,rent,single,education,0
39.0,13.2,250.0,120.0,36.0,12.0,404.0,rent,single,education,1
53.0,10.9,250.0,120.0,43.0,10.0,300.0,rent,married,business,1
54.0,13.1,250.0,120.0,32.0,5.0,300.0,own,married,medical,0
47.0,15.7,250.0,120.0,44.0,5.0,300.0,own,single,business,0
51.0,13.2,250.0,120.0,51.0,3.0,420.0,own,single,car,0
49.0,17.5,250.0,120.0,35.0,5.0,300.0,rent,married,education,1
58.0,14.1,250.0,120.0,48.0,7.0,359.0,own,single,car,0
49.0,13.5,250.0,120.0,31.0,5.0,424.0,own,single,medical,0
44.0,3.8,250.0,120.0,37.0,9.0,489.0,own,single,education,1
44.0,11.8,250.0,120.0,36.0,8.0,300.0,rent,married,education,0
49.0,11.4,250.0,120.0,47.0,8.0,300.0,own,married,car,0
53.0,11.9,250.0,120.0,46.0,8.0,300.0,free,divorced,business,0
38.0,12.8,250.0,120.0,35.0,9.0,303.0,rent,married,medical,0
53.0,9.3,250.0,120.0,42.0,8.0,345.0,own,married,business,0
55.0,14.3,250.0,120.0,29.0,11.0,300.0,rent,divorced,home_improvement,0
51.0,13.8,250.0,120.0,26.0,5.0,318.0,own,married,car,0
35.0,12.6,250.0,120.0,43.0,10.0,333.0,free,married,car,1
43.0,11.8,250.0,120.0,42.0,7.0,449.0,rent,divorced,home_improvement,0
52.0,12.3,250.0,120.0,47.0,11.0,300.0,rent,single,car,1
52.0,8.6,250.0,120.0,36.0,10.0,300.0,own,married,business,0
53.0,7.1,250.0,120.0,42.0,9.0,606.0,rent,married,education,0
38.0,9.5,250.0,120.0,32.0,3.0,358.0,rent,single,car,1
60.0,11.8,250.0,120.0,36.0,12.0,300.0,free,married,business,0
53.0,9.7,250.0,120.0,47.0,6.0,315.0,rent,single,medical,1
53.0,13.6,250.0,120.0,33.0,11.0,300.0,rent,single,car,1
52.0,10.8,250.0,120.0,37.0,5.0,397.0,own,married,medical,0
49.0,13.6,250.0,120.0,46.0,6.0,371.0,own,single,business,0
48.0,16.0,250.0,120.0,36.0,4.0,420.0,rent,married,home_improvement,0
48.0,9.8,250.0,120.0,36.0,4.0,300.0,own,divorced,car,0
38.0,11.4,250.0,120.0,35.0,6.0,374.0,own,married,medical,0
49.0,16.3,250.0,120.0,44.0,11.0,470.0,rent,single,car,0
51.0,13.1,250.0,120.0,37.0,6.0,390.0,rent,single,medical,1
35.0,12.0,250.0,120.0,38.0,2.0,300.0,own,single,home_improvement,0
43.0,11.9,250.0,120.0,36.0,4.0,398.0,rent,single,education,0
51.0,8.7,250.0,120.0,40.0,6.0,415.0,own,divorced,car,0
49.0,15.1,250.0,120.0,37.0,7.0,300.0,rent,married,home_improvement,1
37.0,10.1,250.0,120.0,49.0,3.0,300.0,own,single,car,0
37.0,10.0,250.0,120.0,47.0,6.0,359.0,rent,married,home_improvement,1
52.0,13.6,250.0,120.0,41.0,6.0,557.0,rent,single,home_improvement,1
57.0,10.0,250.0,120.0,35.0,9.0,302.0,rent,single,education,1
49.0,14.9,190.0,120.0,35.0,5.0,415.0,own,single,education,0
48.0,9.8,250.0,120.0,31.0,4.0,300.0,free,married,education,1
53.0,10.2,250.0,120.0,37.0,8.0,510.0,own,married,education,0
59.0,9.6,250.0,119.0,45.0,11.0,316.0,own,single,car,1
46.0,13.7,250.0,120.0,41.0,5.0,300.0,rent,divorced,education,1
52.0,8.1,250.0,120.0,29.0,10.0,300.0,own,divorced,home_improvement,0
51.0,9.2,250.0,120.0,42.0,7.0,429.0,rent,married,education,0
31.0,10.0,250.0,120.0,39.0,7.0,344.0,rent,single,home_improvement,0
46.0,10.1,250.0,120.0,39.0,2.0,300.0,own,single,medical,1
38.0,14.4,250.0,120.0,49.0,12.0,449.0,free,divorced,home_improvement,0
49.0,6.7,250.0,120.0,35.0,9.0,344.0,own,single,business,0
54.0,11.1,250.0,120.0,32.0,12.0,300.0,rent,married,education,1
42.0,10.5,250.0,120.0,28.0,4.0,300.0,own,married,medical,0
43.0,12.6,250.0,120.0,41.0,3.0,349.0,free,single,education,1
46.0,14.6,250.0,120.0,56.0,9.0,415.0,own,married,business,0
56.0,12.7,250.0,120.0,34.0,7.0,357.0,own,divorced,business,0
54.0,12.0,250.0,120.0,33.0,6.0,300.0,own,married,home_improvement,0
47.0,8.1,250.0,120.0,47.0,7.0,417.0,free,married,business,0
47.0,10.4,250.0,120.0,49.0,6.0,300.0,rent,divorced,home_improvement,1
49.0,14.4,250.0,120.0,41.0,10.0,446.0,rent,married,medical,0
43.0,13.4,250.0,120.0,39.0,3.0,300.0,rent,married,education,1
50.0,5.1,250.0,120.0,43.0,5.0,521.0,rent,married,medical,1
44.0,7.5,250.0,120.0,39.0,4.0,401.0,rent,married,car,0
52.0,8.6,250.0,120.0,37.0,3.0,350.0,own,single,medical,0
33.0,7.8,250.0,120.0,27.0,4.0,390.0,rent,single,car,1
52.0,16.5,250.0,120.0,43.0,8.0,615.0,rent,single,medical,0
53.0,12.6,250.0,78.0,48.0,11.0,300.0,own,married,education,0
35.0,8.9,250.0,120.0,52.0,5.0,300.0,own,married,medical,1
50.0,8.3,227.0,120.0,33.0,8.0,360.0,rent,married,car,0
50.0,14.8,154.0,120.0,50.0,7.0,368.0,own,single,business,0
51.0,9.0,250.0,120.0,36.0,3.0,482.0,free,married,medical,0
39.0,16.7,250.0,120.0,43.0,5.0,368.0,own,divorced,car,0
40.0,11.4,250.0,84.0,35.0,9.0,455.0,own,single,education,0
47.0,12.1,250.0,120.0,40.0,11.0,300.0,rent,married,car,0
51.0,14.7,250.0,120.0,30.0,4.0,403.0,own,married,education,0
42.0,10.5,222.0,120.0,35.0,8.0,375.0,own,married,education,0
34.0,10.8,250.0,120.0,33.0,3.0,300.0,rent,single,home_improvement,1
29.0,11.2,250.0,81.0,31.0,12.0,364.0,rent,married,education,0
42.0,13.6,250.0,120.0,38.0,2.0,300.0,own,divorced,car,0
54.0,12.0,250.0,120.0,46.0,5.0,358.0,own,married,car,0
48.0,12.3,250.0,120.0,23.0,6.0,300.0,rent,divorced,medical,1
51.0,12.9,250.0,120.0,36.0,3.0,511.0,free,divorced,medical,0
30.0,13.5,250.0,120.0,34.0,12.0,300.0,rent,single,education,0
44.0,13.0,250.0,120.0,40.0,4.0,300.0,own,married,car,0
46.0,2.2,250.0,31.0,51.0,4.0,461.0,own,married,car,1
41.0,12.9,250.0,120.0,38.0,3.0,314.0,own,divorced,medical,0
47.0,15.1,250.0,120.0,46.0,7.0,373.0,own,single,home_improvement,0
50.0,15.3,119.0,120.0,50.0,5.0,568.0,rent,married,home_improvement,0
50.0,6.8,250.0,120.0,37.0,6.0,430.0,own,divorced,education,0
38.0,12.7,250.0,120.0,44.0,6.0,300.0,rent,single,home_improvement,1
46.0,13.5,250.0,120.0,50.0,4.0,300.0,rent,married,car,0
49.0,7.9,250.0,120.0,48.0,12.0,300.0,rent,single,home_improvement,1
44.0,9.9,250.0,120.0,35.0,8.0,300.0,own,divorced,business,0
51.0,13.5,250.0,120.0,50.0,3.0,425.0,rent,divorced,education,0
59.0,9.0,250.0,120.0,34.0,10.0,640.0,rent,single,home_improvement,0
39.0,11.1,250.0,120.0,29.0,3.0,366.0,rent,married,home_improvement,0
47.0,14.2,172.0,120.0,48.0,7.0,352.0,own,single,business,0
56.0,11.5,250.0,120.0,45.0,7.0,422.0,own,married,car,0
44.0,10.7,250.0,120.0,39.0,5.0,417.0,free,married,car,1
58.0,11.1,250.0,120.0,28.0,12.0,300.0,own,married,medical,0
52.0,14.9,250.0,120.0,40.0,8.0,336.0,own,single,education,0
56.0,13.2,250.0,120.0,28.0,12.0,300.0,rent,single,education,0
60.0,8.3,250.0,120.0,45.0,12.0,300.0,rent,married,home_improvement,1
55.0,8.0,250.0,120.0,39.0,8.0,425.0,free,married,education,0
41.0,11.9,250.0,120.0,27.0,3.0,360.0,own,married,education,0
65.0,9.5,250.0,46.0,38.0,12.0,339.0,free,single,home_improvement,0
49.0,15.0,250.0,120.0,27.0,10.0,468.0,own,single,business,0
48.0,12.5,250.0,120.0,39.0,2.0,392.0,rent,divorced,home_improvement,0
48.0,10.8,57.0,120.0,34.0,10.0,382.0,rent,single,car,0
49.0,13.3,250.0,120.0,45.0,3.0,336.0,own,single,business,0
39.0,14.2,250.0,120.0,43.0,5.0,300.0,own,divorced,business,0
42.0,11.6,250.0,120.0,33.0,5.0,409.0,own,single,home_improvement,0
37.0,15.0,250.0,120.0,31.0,12.0,393.0,free,married,car,0
52.0,12.6,250.0,120.0,25.0,6.0,300.0,rent,single,car,0
46.0,13.6,250.0,120.0,41.0,8.0,392.0,free,divorced,home_improvement,1
40.0,8.1,250.0,120.0,38.0,5.0,341.0,rent,married,home_improvement,1
57.0,10.4,250.0,120.0,41.0,9.0,300.0,rent,divorced,medical,1
43.0,13.9,250.0,120.0,37.0,9.0,384.0,rent,single,education,1
46.0,9.8,250.0,120.0,53.0,3.0,394.0,own,married,medical,0
45.0,12.2,250.0,120.0,33.0,6.0,389.0,own,married,education,0
47.0,15.5,250.0,120.0,40.0,5.0,347.0,rent,single,home_improvement,0
50.0,15.2,250.0,120.0,48.0,7.0,344.0,rent,single,car,0
47.0,14.5,250.0,120.0,41.0,7.0,370.0,own,single,medical,1
53.0,15.6,250.0,120.0,28.0,9.0,332.0,rent,divorced,education,0
49.0,8.3,250.0,120.0,36.0,12.0,300.0,rent,married,medical,0
53.0,9.6,250.0,120.0,43.0,7.0,300.0,rent,married,education,1
48.0,9.8,72.0,120.0,30.0,11.0,333.0,rent,married,home_improvement,0
44.0,13.6,250.0,120.0,31.0,9.0,381.0,own,married,business,0
49.0,12.4,250.0,120.0,32.0,5.0,300.0,own,married,car,1
42.0,11.6,250.0,120.0,36.0,5.0,300.0,own,married,car,0
50.0,9.8,250.0,120.0,47.0,11.0,300.0,rent,married,home_improvement,1
43.0,15.0,250.0,120.0,36.0,5.0,300.0,rent,single,car,0
48.0,10.7,250.0,120.0,33.0,10.0,300.0,rent,divorced,education,1
30.0,9.0,250.0,120.0,33.0,2.0,307.0,own,married,business,0
47.0,15.0,250.0,120.0,29.0,11.0,394.0,own,single,education,0
39.0,13.0,250.0,120.0,39.0,5.0,334.0,rent,married,car,1
49.0,12.0,250.0,120.0,42.0,12.0,300.0,rent,single,home_improvement,1
52.0,13.9,250.0,120.0,45.0,9.0,300.0,own,divorced,home_improvement,0
54.0,11.8,250.0,120.0,35.0,8.0,300.0,own,divorced,home_improvement,0
39.0,15.0,250.0,120.0,35.0,9.0,324.0,rent,divorced,medical,0
51.0,9.8,250.0,120.0,30.0,12.0,300.0,own,single,car,0
37.0,12.5,250.0,120.0,42.0,6.0,314.0,rent,single,business,1
49.0,11.5,250.0,120.0,35.0,6.0,300.0,own,single,education,0
44.0,13.3,250.0,120.0,44.0,11.0,423.0,own,single,medical,0
43.0,12.7,250.0,120.0,41.0,7.0,408.0,free,single,business,0
61.0,10.2,250.0,120.0,41.0,12.0,300.0,own,single,car,0
33.0,12.2,250.0,120.0,44.0,12.0,337.0,own,divorced,home_improvement,0
50.0,6.5,250.0,120.0,40.0,7.0,487.0,own,single,car,0
58.0,15.1,250.0,41.0,37.0,7.0,451.0,own,single,education,0
46.0,16.8,250.0,120.0,29.0,11.0,382.0,own,married,home_improvement,0
51.0,11.5,250.0,120.0,39.0,7.0,300.0,own,married,business,0
50.0,11.6,250.0,120.0,35.0,4.0,300.0,own,married,home_improvement,0
35.0,12.8,250.0,120.0,38.0,12.0,404.0,own,married,business,0
38.0,13.5,250.0,120.0,27.0,7.0,300.0,rent,divorced,medical,1
52.0,4.8,250.0,120.0,38.0,10.0,564.0,rent,married,business,1
42.0,15.9,250.0,120.0,25.0,12.0,395.0,own,married,car,0
39.0,13.1,250.0,90.0,50.0,9.0,404.0,own,married,car,0
54.0,8.9,250.0,120.0,29.0,5.0,325.0,rent,married,home_improvement,1
38.0,12.1,250.0,120.0,36.0,6.0,359.0,rent,single,car,0
36.0,11.1,250.0,120.0,25.0,4.0,300.0,rent,married,education,0
47.0,14.1,250.0,120.0,36.0,11.0,514.0,own,single,car,0
49.0,14.2,137.0,120.0,43.0,5.0,420.0,own,married,education,0
36.0,11.0,250.0,120.0,25.0,5.0,360.0,own,single,business,0
52.0,11.5,250.0,120.0,37.0,8.0,301.0,own,single,car,0
53.0,11.5,250.0,120.0,43.0,11.0,300.0,rent,single,business,0
52.0,8.9,250.0,120.0,36.0,5.0,300.0,own,married,medical,0
42.0,11.3,250.0,120.0,35.0,7.0,443.0,own,single,car,0
39.0,12.6,250.0,120.0,31.0,5.0,338.0,own,married,car,0
36.0,13.5,250.0,120.0,37.0,9.0,317.0,rent,divorced,education,1
55.0,16.3,250.0,120.0,42.0,3.0,424.0,own,single,medical,0
62.0,8.7,250.0,120.0,43.0,12.0,327.0,rent,married,business,1
41.0,13.6,250.0,120.0,29.0,9.0,351.0,own,single,home_improvement,0
53.0,13.0,250.0,84.0,45.0,7.0,372.0,free,single,car,0
43.0,10.5,250.0,120.0,42.0,2.0,427.0,own,married,home_improvement,0
44.0,13.4,250.0,120.0,47.0,4.0,304.0,rent,divorced,car,1
58.0,4.0,250.0,120.0,38.0,10.0,748.0,free,single,home_improvement,0
48.0,13.6,250.0,120.0,42.0,4.0,343.0,free,married,car,0
51.0,11.6,209.0,120.0,41.0,6.0,604.0,rent,single,medical,1
44.0,17.9,250.0,120.0,32.0,2.0,300.0,rent,married,education,1
53.0,12.2,250.0,120.0,40.0,3.0,453.0,rent,married,car,1
44.0,10.5,250.0,120.0,36.0,5.0,453.0,rent,married,education,0
42.0,14.1,250.0,120.0,48.0,11.0,344.0,own,married,car,0
52.0,14.4,250.0,120.0,41.0,3.0,376.0,rent,single,car,0
39.0,13.8,250.0,120.0,48.0,3.0,308.0,rent,married,business,0
56.0,9.7,250.0,120.0,38.0,7.0,397.0,rent,married,education,0
54.0,13.0,250.0,120.0,37.0,4.0,436.0,rent,married,education,0
39.0,11.5,250.0,120.0,41.0,5.0,354.0,own,single,medical,0
52.0,16.0,250.0,120.0,42.0,5.0,495.0,rent,married,car,0
45.0,16.5,250.0,120.0,37.0,4.0,419.0,own,married,education,0
48.0,12.2,250.0,120.0,31.0,2.0,300.0,own,single,car,0
51.0,11.0,250.0,120.0,35.0,4.0,300.0,rent,single,business,1
49.0,11.2,185.0,120.0,36.0,5.0,460.0,own,married,education,0
45.0,12.6,250.0,120.0,35.0,2.0,351.0,own,married,car,0
48.0,7.5,250.0,120.0,29.0,12.0,300.0,own,single,car,0
51.0,12.9,250.0,120.0,41.0,7.0,300.0,own,married,medical,0
41.0,12.3,250.0,120.0,44.0,12.0,472.0,own,married,car,0
34.0,11.3,250.0,120.0,48.0,7.0,300.0,own,married,home_improvement,1
57.0,5.4,250.0,120.0,45.0,5.0,568.0,rent,married,medical,1
45.0,13.7,250.0,120.0,37.0,2.0,301.0,own,married,business,0
65.0,6.7,250.0,120.0,44.0,10.0,744.0,free,married,education,0
51.0,11.6,250.0,120.0,60.0,6.0,307.0,free,divorced,home_improvement,1
53.0,13.5,250.0,120.0,35.0,9.0,339.0,rent,married,medical,0
39.0,10.8,250.0,120.0,51.0,7.0,390.0,own,married,car,0
61.0,11.8,250.0,120.0,40.0,12.0,336.0,rent,married,medical,0
50.0,14.7,142.0,120.0,43.0,5.0,436.0,rent,married,medical,1
47.0,14.9,250.0,120.0,46.0,4.0,300.0,rent,single,car,1
39.0,13.2,250.0,120.0,38.0,4.0,300.0,rent,married,car,0
54.0,10.4,250.0,120.0,35.0,7.0,300.0,rent,married,home_improvement,1
53.0,16.2,250.0,120.0,33.0,6.0,384.0,rent,divorced,car,0
41.0,10.8,250.0,120.0,40.0,9.0,443.0,own,married,home_improvement,0
54.0,9.1,250.0,120.0,34.0,6.0,315.0,rent,married,car,0
48.0,12.4,250.0,120.0,39.0,6.0,300.0,own,divorced,home_improvement,0
45.0,15.3,250.0,120.0,29.0,4.0,300.0,rent,married,education,0
51.0,12.3,250.0,120.0,39.0,12.0,300.0,rent,single,car,1
56.0,14.4,250.0,120.0,55.0,10.0,320.0,own,single,car,0
55.0,11.0,250.0,120.0,30.0,6.0,300.0,rent,single,car,0
43.0,3.3,250.0,49.0,47.0,9.0,666.0,own,single,business,0
34.0,9.2,250.0,120.0,35.0,4.0,335.0,rent,married,car,1
51.0,7.9,250.0,120.0,45.0,4.0,434.0,own,married,medical,0
50.0,5.0,250.0,120.0,24.0,12.0,684.0,free,married,home_improvement,0
33.0,9.2,250.0,120.0,33.0,3.0,300.0,own,single,education,1
46.0,13.0,250.0,120.0,48.0,5.0,403.0,free,married,medical,1
39.0,12.2,250.0,120.0,48.0,7.0,332.0,rent,single,home_improvement,1
56.0,17.6,250.0,120.0,29.0,11.0,313.0,rent,divorced,home_improvement,0
53.0,11.3,250.0,120.0,42.0,11.0,300.0,rent,single,car,1
56.0,13.7,250.0,75.0,37.0,3.0,492.0,rent,married,home_improvement,0
48.0,11.3,250.0,120.0,33.0,5.0,300.0,free,single,business,1
53.0,11.0,250.0,120.0,35.0,5.0,300.0,own,married,medical,0
50.0,12.1,250.0,120.0,43.0,7.0,300.0,rent,married,business,1
51.0,10.1,250.0,120.0,34.0,3.0,300.0,own,married,home_improvement,0
51.0,12.3,222.0,120.0,50.0,6.0,611.0,rent,single,education,1
49.0,13.2,250.0,120.0,37.0,8.0,342.0,own,divorced,car,0
34.0,13.3,250.0,120.0,30.0,4.0,300.0,rent,married,car,0
54.0,12.2,250.0,120.0,36.0,12.0,300.0,rent,married,medical,1
50.0,14.6,250.0,120.0,36.0,5.0,358.0,rent,married,home_improvement,1
52.0,4.0,250.0,120.0,49.0,8.0,612.0,rent,divorced,education,1
43.0,3.3,250.0,120.0,33.0,9.0,582.0,rent,single,home_improvement,0
53.0,12.2,250.0,120.0,31.0,11.0,300.0,rent,single,car,1
38.0,14.4,250.0,120.0,38.0,12.0,380.0,rent,single,car,0
53.0,14.4,250.0,120.0,38.0,7.0,360.0,rent,single,business,0
54.0,13.7,250.0,120.0,36.0,4.0,368.0,free,married,home_improvement,0
50.0,7.8,250.0,120.0,30.0,5.0,492.0,own,divorced,medical,0
51.0,11.8,250.0,120.0,36.0,4.0,300.0,own,divorced,home_improvement,0
52.0,11.2,250.0,120.0,39.0,8.0,333.0,own,married,education,0
57.0,13.5,250.0,120.0,30.0,6.0,391.0,rent,married,medical,0
40.0,14.5,250.0,120.0,42.0,7.0,362.0,own,divorced,business,0
32.0,11.4,250.0,76.0,39.0,8.0,358.0,rent,divorced,medical,1
43.0,14.8,250.0,120.0,38.0,4.0,323.0,rent,single,car,0
51.0,11.9,250.0,120.0,41.0,2.0,456.0,own,married,car,0
40.0,11.4,250.0,120.0,30.0,6.0,380.0,rent,married,car,1
39.0,15.2,250.0,120.0,41.0,8.0,362.0,rent,single,medical,1
48.0,15.8,250.0,120.0,43.0,10.0,300.0,own,married,car,0
55.0,14.3,250.0,120.0,36.0,8.0,319.0,own,divorced,medical,0
35.0,12.0,250.0,120.0,36.0,6.0,300.0,own,divorced,home_improvement,1
36.0,11.6,250.0,120.0,36.0,6.0,355.0,own,divorced,car,0
53.0,13.9,250.0,120.0,40.0,6.0,310.0,own,married,medical,0
47.0,10.5,47.0,120.0,31.0,4.0,530.0,free,single,car,0
48.0,11.1,117.0,120.0,45.0,5.0,438.0,own,single,car,0
48.0,15.7,250.0,120.0,39.0,10.0,300.0,own,married,business,0
43.0,11.6,250.0,120.0,28.0,7.0,300.0,rent,married,education,0
50.0,10.1,250.0,120.0,46.0,8.0,327.0,rent,married,education,0
48.0,13.2,250.0,120.0,45.0,6.0,462.0,free,married,car,0
54.0,14.6,250.0,120.0,43.0,5.0,398.0,rent,married,home_improvement,0
41.0,11.5,250.0,120.0,28.0,4.0,303.0,rent,married,car,0
49.0,12.8,85.0,120.0,37.0,8.0,403.0,own,single,education,0
43.0,16.5,250.0,120.0,50.0,4.0,321.0,free,single,business,1
59.0,12.5,250.0,120.0,40.0,6.0,397.0,rent,single,business,1
39.0,15.5,250.0,120.0,50.0,12.0,344.0,free,single,home_improvement,1
33.0,12.0,250.0,82.0,38.0,7.0,351.0,own,divorced,education,0
48.0,8.6,154.0,120.0,37.0,8.0,395.0,rent,married,home_improvement,1
51.0,13.1,250.0,120.0,50.0,3.0,490.0,rent,single,home_improvement,0
35.0,9.9,250.0,58.0,43.0,11.0,456.0,own,married,education,0
53.0,9.1,250.0,120.0,35.0,9.0,330.0,rent,married,education,1
49.0,5.4,250.0,120.0,40.0,6.0,548.0,rent,single,business,1
50.0,12.2,250.0,120.0,36.0,7.0,396.0,own,single,business,0
51.0,10.1,250.0,120.0,38.0,9.0,329.0,rent,single,car,1
41.0,12.6,250.0,120.0,25.0,5.0,372.0,rent,married,business,0
55.0,6.2,250.0,120.0,33.0,3.0,470.0,own,single,car,0
40.0,14.9,250.0,120.0,35.0,12.0,410.0,rent,single,business,1
38.0,15.7,250.0,120.0,42.0,4.0,300.0,own,single,medical,0
33.0,12.1,250.0,86.0,36.0,10.0,373.0,own,married,business,0
55.0,10.5,250.0,120.0,45.0,11.0,300.0,free,single,home_improvement,1
41.0,13.5,250.0,120.0,40.0,2.0,300.0,rent,married,education,1
52.0,4.5,250.0,120.0,48.0,8.0,625.0,own,single,medical,0
54.0,10.7,250.0,120.0,43.0,4.0,369.0,free,married,medical,1
52.0,11.3,250.0,120.0,55.0,10.0,300.0,rent,married,medical,1
56.0,4.8,250.0,120.0,53.0,8.0,619.0,own,married,home_improvement,0
40.0,15.3,250.0,120.0,48.0,12.0,419.0,rent,single,home_improvement,0
39.0,9.3,250.0,120.0,34.0,4.0,358.0,own,married,business,0
39.0,13.3,250.0,120.0,30.0,3.0,300.0,free,divorced,medical,0
37.0,10.5,250.0,120.0,42.0,3.0,300.0,rent,single,medical,1
51.0,10.4,250.0,120.0,39.0,4.0,395.0,rent,single,business,0
34.0,13.4,250.0,120.0,30.0,12.0,340.0,own,divorced,car,0
48.0,12.8,152.0,120.0,53.0,2.0,525.0,rent,married,car,0
41.0,11.2,250.0,120.0,19.0,6.0,347.0,own,single,education,0
40.0,14.3,250.0,120.0,44.0,4.0,300.0,own,single,car,0
46.0,14.5,250.0,120.0,37.0,3.0,318.0,own,married,education,0
41.0,13.2,250.0,120.0,41.0,6.0,379.0,rent,married,car,1
48.0,11.7,250.0,120.0,29.0,2.0,409.0,own,married,medical,0
40.0,14.4,250.0,120.0,26.0,5.0,312.0,free,divorced,car,0
49.0,4.9,250.0,120.0,37.0,6.0,504.0,rent,married,home_improvement,0
34.0,13.6,250.0,120.0,46.0,12.0,336.0,own,single,education,0
56.0,9.7,250.0,120.0,41.0,6.0,450.0,own,married,car,0
41.0,14.1,250.0,120.0,30.0,10.0,379.0,own,single,home_improvement,0
45.0,11.9,250.0,120.0,49.0,3.0,300.0,rent,single,medical,0
51.0,12.4,250.0,120.0,39.0,12.0,300.0,rent,single,home_improvement,1
42.0,15.3,250.0,120.0,26.0,12.0,394.0,own,single,medical,0
38.0,12.9,250.0,120.0,45.0,8.0,334.0,rent,married,business,1
51.0,13.5,146.0,120.0,39.0,5.0,602.0,own,single,home_improvement,0
42.0,15.2,250.0,120.0,37.0,5.0,300.0,rent,married,car,0
50.0,14.5,250.0,96.0,42.0,6.0,300.0,free,married,medical,0
53.0,10.3,250.0,120.0,43.0,12.0,547.0,rent,married,home_improvement,1
58.0,13.1,250.0,41.0,52.0,8.0,354.0,rent,married,education,0
37.0,12.5,250.0,120.0,41.0,9.0,328.0,rent,married,education,1
55.0,14.5,250.0,120.0,39.0,3.0,395.0,own,married,home_improvement,0
50.0,6.6,250.0,120.0,44.0,12.0,300.0,own,single,car,1
48.0,15.0,250.0,120.0,42.0,6.0,360.0,own,married,medical,0
45.0,12.3,250.0,120.0,35.0,3.0,300.0,rent,married,education,1
47.0,8.7,32.0,120.0,25.0,3.0,609.0,rent,single,car,0
35.0,11.0,250.0,120.0,28.0,6.0,337.0,rent,single,education,0
43.0,13.7,250.0,120.0,35.0,5.0,337.0,rent,single,medical,1
51.0,16.7,250.0,120.0,28.0,6.0,349.0,own,married,education,0
52.0,12.9,250.0,120.0,48.0,6.0,300.0,rent,married,business,1
47.0,14.7,250.0,120.0,32.0,8.0,309.0,own,single,medical,0
41.0,7.6,250.0,120.0,38.0,3.0,300.0,own,married,car,1
50.0,11.1,206.0,120.0,28.0,5.0,443.0,rent,divorced,home_improvement,1
55.0,12.5,250.0,120.0,39.0,6.0,323.0,free,single,education,1
50.0,11.4,250.0,120.0,36.0,6.0,417.0,rent,divorced,home_improvement,1
50.0,7.8,250.0,120.0,45.0,4.0,335.0,own,single,car,0
46.0,13.2,250.0,120.0,35.0,5.0,300.0,rent,divorced,car,0
39.0,10.7,250.0,120.0,34.0,2.0,350.0,own,divorced,home_improvement,0
51.0,15.3,250.0,120.0,25.0,4.0,376.0,rent,single,medical,0
50.0,13.2,250.0,120.0,39.0,2.0,494.0,rent,married,medical,0
56.0,13.4,250.0,120.0,37.0,9.0,362.0,own,divorced,home_improvement,0
51.0,14.0,250.0,120.0,36.0,3.0,396.0,own,divorced,business,0
42.0,12.4,250.0,120.0,43.0,4.0,397.0,own,divorced,car,0
50.0,15.4,250.0,120.0,38.0,6.0,557.0,free,married,education,0
37.0,9.9,250.0,120.0,52.0,4.0,363.0,rent,single,home_improvement,1
45.0,13.7,250.0,120.0,39.0,5.0,336.0,rent,married,education,1
37.0,11.0,250.0,120.0,34.0,12.0,422.0,rent,married,business,0
47.0,13.6,250.0,120.0,38.0,5.0,300.0,rent,married,car,1
52.0,12.7,250.0,112.0,47.0,9.0,300.0,own,married,business,0
51.0,9.7,250.0,120.0,37.0,12.0,300.0,free,married,education,1
46.0,5.3,250.0,120.0,46.0,10.0,549.0,own,single,car,0
48.0,9.1,250.0,120.0,43.0,6.0,366.0,rent,married,car,1
45.0,13.3,250.0,120.0,51.0,7.0,401.0,rent,single,business,1
45.0,0.0,250.0,16.0,30.0,2.0,564.0,rent,married,education,0
53.0,10.3,250.0,120.0,56.0,10.0,300.0,free,married,car,1
57.0,10.2,250.0,120.0,40.0,12.0,300.0,own,married,business,0
51.0,10.8,250.0,120.0,47.0,8.0,300.0,rent,married,car,1
46.0,14.8,250.0,120.0,44.0,5.0,333.0,own,single,car,0
46.0,14.8,250.0,120.0,39.0,4.0,300.0,rent,divorced,car,0
49.0,9.9,250.0,120.0,31.0,4.0,338.0,own,married,business,0
51.0,13.2,226.0,120.0,32.0,3.0,488.0,own,single,medical,0
41.0,13.7,250.0,120.0,34.0,8.0,345.0,own,single,education,0
42.0,12.1,250.0,120.0,49.0,9.0,432.0,own,single,education,0
37.0,7.8,250.0,120.0,33.0,7.0,376.0,own,married,education,0
37.0,13.2,250.0,120.0,33.0,12.0,408.0,rent,divorced,education,0
44.0,5.3,250.0,120.0,45.0,4.0,326.0,rent,married,home_improvement,1
42.0,13.7,250.0,120.0,30.0,12.0,452.0,own,single,education,0
44.0,5.1,250.0,120.0,40.0,7.0,541.0,own,divorced,home_improvement,0
44.0,3.8,250.0,120.0,43.0,11.0,584.0,own,single,medical,0
55.0,12.7,250.0,120.0,38.0,12.0,300.0,rent,divorced,medical,0
43.0,14.8,250.0,120.0,29.0,4.0,300.0,own,single,business,0
38.0,16.4,250.0,120.0,37.0,7.0,300.0,own,married,home_improvement,0
35.0,12.3,250.0,120.0,31.0,12.0,385.0,own,divorced,medical,0
36.0,10.7,250.0,120.0,53.0,8.0,388.0,rent,single,home_improvement,0
42.0,17.0,250.0,120.0,41.0,2.0,300.0,own,married,education,0
41.0,13.3,250.0,120.0,37.0,7.0,399.0,rent,divorced,car,1
49.0,14.4,193.0,120.0,36.0,8.0,365.0,rent,single,car,1
42.0,13.0,250.0,120.0,46.0,8.0,391.0,rent,single,medical,0
40.0,7.6,250.0,120.0,39.0,4.0,318.0,rent,married,business,1
60.0,10.8,250.0,120.0,39.0,12.0,300.0,rent,single,education,1
48.0,14.5,250.0,120.0,39.0,7.0,415.0,own,single,education,0
56.0,9.7,250.0,120.0,45.0,8.0,305.0,rent,married,education,1
61.0,12.0,250.0,120.0,47.0,9.0,344.0,rent,married,medical,1
56.0,5.3,250.0,120.0,49.0,10.0,300.0,own,single,home_improvement,1
31.0,9.0,250.0,120.0,29.0,9.0,368.0,rent,single,medical,0
50.0,6.9,250.0,120.0,26.0,10.0,300.0,own,married,education,0
57.0,10.4,250.0,120.0,45.0,7.0,505.0,rent,married,business,1
39.0,12.7,250.0,120.0,38.0,8.0,300.0,rent,married,car,0
45.0,13.3,250.0,120.0,47.0,2.0,364.0,rent,married,medical,1
46.0,12.6,250.0,120.0,47.0,6.0,300.0,free,divorced,business,1
53.0,12.7,250.0,120.0,44.0,12.0,300.0,rent,married,business,0
44.0,17.1,250.0,120.0,47.0,4.0,427.0,rent,single,business,0
41.0,13.9,250.0,120.0,42.0,4.0,300.0,rent,divorced,education,1
48.0,13.2,250.0,120.0,43.0,7.0,300.0,own,married,medical,0
46.0,14.3,250.0,120.0,44.0,3.0,300.0,rent,single,business,1
56.0,12.6,250.0,120.0,13.0,12.0,300.0,rent,single,home_improvement,0
51.0,14.0,250.0,120.0,45.0,12.0,300.0,own,married,car,0
53.0,14.8,250.0,120.0,34.0,10.0,310.0,own,single,education,0
32.0,12.4,250.0,120.0,34.0,10.0,313.0,rent,single,medical,0
40.0,10.3,250.0,120.0,42.0,4.0,362.0,own,single,car,0
35.0,13.9,250.0,120.0,32.0,8.0,300.0,own,married,car,0
50.0,17.7,130.0,120.0,42.0,2.0,490.0,own,married,medical,0
55.0,9.0,250.0,120.0,50.0,8.0,435.0,own,married,education,0
48.0,7.8,250.0,120.0,34.0,3.0,410.0,own,single,education,0
55.0,11.7,250.0,120.0,38.0,6.0,318.0,rent,single,business,1
36.0,10.6,250.0,120.0,53.0,3.0,336.0,own,married,car,0
57.0,12.8,250.0,120.0,40.0,11.0,300.0,rent,single,car,0
36.0,11.2,250.0,120.0,53.0,4.0,334.0,rent,married,car,1
49.0,7.9,250.0,120.0,45.0,12.0,300.0,own,single,car,0
37.0,9.7,250.0,101.0,42.0,6.0,421.0,own,single,car,0
40.0,3.8,250.0,120.0,54.0,6.0,384.0,rent,single,home_improvement,1
51.0,16.5,250.0,120.0,41.0,4.0,451.0,own,married,education,0
38.0,12.7,250.0,44.0,31.0,11.0,426.0,own,single,car,0
47.0,12.4,250.0,120.0,46.0,6.0,300.0,free,married,car,1
40.0,14.9,250.0,120.0,31.0,5.0,308.0,free,single,business,1
40.0,13.3,250.0,120.0,34.0,5.0,302.0,rent,married,medical,1
42.0,17.4,250.0,120.0,38.0,4.0,379.0,own,married,education,0
31.0,10.0,250.0,120.0,42.0,7.0,321.0,rent,single,car,0
47.0,14.4,250.0,120.0,43.0,2.0,371.0,rent,married,education,1
50.0,7.6,250.0,120.0,29.0,11.0,337.0,own,single,business,0
50.0,12.6,250.0,120.0,40.0,5.0,384.0,rent,married,car,1
37.0,9.4,250.0,120.0,35.0,4.0,300.0,own,single,medical,0
50.0,17.4,250.0,120.0,40.0,6.0,354.0,own,married,home_improvement,0
42.0,9.4,250.0,120.0,26.0,2.0,398.0,rent,divorced,education,0
33.0,11.2,250.0,120.0,40.0,7.0,300.0,own,single,medical,0
46.0,4.9,250.0,120.0,47.0,2.0,387.0,own,married,education,0
44.0,6.9,250.0,120.0,37.0,3.0,339.0,rent,married,car,1
51.0,9.2,250.0,120.0,38.0,12.0,300.0,free,single,medical,1
50.0,9.8,250.0,120.0,37.0,3.0,387.0,rent,married,medical,1
51.0,13.9,250.0,120.0,40.0,4.0,361.0,rent,married,education,0
43.0,13.7,250.0,120.0,31.0,3.0,300.0,free,divorced,business,0
59.0,9.5,250.0,120.0,33.0,12.0,300.0,own,divorced,car,0
54.0,13.5,250.0,120.0,48.0,4.0,430.0,own,single,home_improvement,0
58.0,11.4,250.0,65.0,36.0,11.0,319.0,own,married,home_improvement,0
50.0,13.2,250.0,120.0,55.0,10.0,307.0,own,married,home_improvement,0
29.0,11.0,250.0,79.0,26.0,12.0,372.0,rent,single,business,0
58.0,8.0,250.0,120.0,36.0,5.0,525.0,own,single,home_improvement,0
57.0,9.8,250.0,120.0,23.0,9.0,300.0,rent,divorced,business,0
52.0,13.7,250.0,120.0,35.0,5.0,536.0,own,single,medical,0
62.0,12.1,250.0,120.0,33.0,12.0,385.0,own,married,car,0
48.0,9.8,162.0,120.0,37.0,9.0,386.0,free,married,business,1
53.0,6.6,250.0,120.0,37.0,9.0,562.0,own,single,business,0
48.0,11.4,106.0,120.0,42.0,4.0,488.0,own,married,business,0
42.0,13.9,250.0,120.0,40.0,6.0,365.0,own,divorced,car,0
52.0,10.8,250.0,120.0,43.0,10.0,300.0,rent,married,education,1
46.0,14.9,250.0,120.0,38.0,8.0,300.0,rent,single,medical,1
48.0,10.4,250.0,120.0,38.0,10.0,300.0,rent,single,car,1
48.0,10.6,250.0,120.0,32.0,6.0,338.0,own,divorced,home_improvement,0
52.0,10.9,250.0,120.0,35.0,7.0,300.0,own,single,home_improvement,0
48.0,10.3,250.0,120.0,54.0,12.0,300.0,rent,married,business,1
49.0,6.4,250.0,120.0,46.0,5.0,428.0,rent,single,car,1
58.0,7.1,250.0,120.0,40.0,9.0,606.0,rent,married,car,1
40.0,12.2,250.0,120.0,33.0,5.0,353.0,rent,divorced,education,0
33.0,11.9,250.0,120.0,41.0,12.0,396.0,rent,married,car,1
44.0,12.6,250.0,120.0,46.0,8.0,300.0,own,divorced,car,1
46.0,4.0,250.0,120.0,32.0,12.0,692.0,own,single,car,0
63.0,10.9,250.0,6.0,46.0,9.0,396.0,rent,married,car,0
50.0,14.1,250.0,120.0,39.0,4.0,414.0,own,divorced,medical,0
50.0,14.1,250.0,92.0,29.0,6.0,351.0,rent,married,home_improvement,1
39.0,12.2,250.0,120.0,34.0,8.0,333.0,rent,single,car,1
51.0,4.9,250.0,120.0,41.0,2.0,437.0,rent,divorced,home_improvement,1
48.0,10.2,250.0,120.0,34.0,9.0,300.0,rent,single,car,1
54.0,12.3,250.0,120.0,48.0,12.0,300.0,rent,married,business,1
55.0,11.5,250.0,120.0,44.0,9.0,360.0,free,divorced,car,1
50.0,13.4,250.0,120.0,33.0,4.0,448.0,rent,single,car,0
52.0,14.1,250.0,120.0,30.0,4.0,421.0,rent,single,car,0
37.0,11.3,250.0,120.0,37.0,5.0,300.0,own,single,business,0
36.0,10.8,250.0,65.0,31.0,5.0,404.0,rent,single,business,0
53.0,8.6,250.0,120.0,36.0,7.0,495.0,rent,single,education,0
51.0,5.5,250.0,120.0,41.0,3.0,464.0,own,married,home_improvement,0
41.0,12.3,250.0,120.0,36.0,5.0,389.0,own,single,home_improvement,0
41.0,13.9,250.0,120.0,44.0,7.0,393.0,free,married,home_improvement,1
41.0,11.5,250.0,120.0,39.0,7.0,430.0,rent,single,business,0
48.0,4.4,250.0,117.0,50.0,4.0,530.0,own,single,business,1
44.0,16.4,250.0,120.0,26.0,8.0,334.0,own,single,business,0
50.0,10.7,250.0,120.0,44.0,7.0,300.0,own,married,education,0
53.0,10.8,250.0,120.0,41.0,12.0,300.0,own,married,business,0
60.0,9.6,250.0,120.0,31.0,12.0,300.0,free,single,car,0
49.0,10.6,220.0,120.0,49.0,10.0,333.0,own,divorced,medical,0
54.0,18.0,250.0,77.0,52.0,2.0,528.0,own,married,education,0
52.0,11.2,250.0,120.0,57.0,5.0,300.0,rent,single,home_improvement,1
41.0,5.2,250.0,120.0,42.0,5.0,435.0,own,divorced,medical,1
58.0,8.2,250.0,120.0,32.0,8.0,554.0,own,single,business,0
51.0,8.6,239.0,120.0,46.0,5.0,464.0,rent,single,medical,1
52.0,9.4,250.0,120.0,43.0,11.0,300.0,rent,married,business,1
52.0,16.9,250.0,120.0,35.0,7.0,341.0,free,single,car,1
53.0,13.0,250.0,120.0,50.0,6.0,515.0,rent,single,car,0
34.0,10.3,250.0,120.0,33.0,8.0,367.0,rent,married,car,1
41.0,11.5,250.0,120.0,46.0,6.0,403.0,rent,single,medical,0
40.0,13.9,250.0,120.0,41.0,5.0,300.0,free,married,business,0
52.0,14.5,250.0,27.0,41.0,12.0,341.0,rent,divorced,education,0
59.0,6.5,250.0,120.0,32.0,12.0,729.0,free,married,business,0
40.0,7.1,250.0,120.0,27.0,5.0,410.0,rent,married,education,1
49.0,18.5,201.0,120.0,48.0,3.0,414.0,rent,married,medical,0
52.0,11.9,250.0,120.0,47.0,8.0,300.0,own,divorced,medical,0
47.0,2.9,250.0,120.0,45.0,3.0,438.0,rent,single,car,1
47.0,5.0,250.0,120.0,42.0,12.0,606.0,own,single,home_improvement,0
39.0,10.4,250.0,120.0,39.0,6.0,400.0,rent,married,education,1
48.0,12.9,250.0,120.0,40.0,7.0,300.0,rent,married,car,1
57.0,5.0,250.0,120.0,42.0,9.0,666.0,free,single,medical,0
59.0,11.8,250.0,120.0,42.0,12.0,300.0,free,married,car,1
44.0,10.3,250.0,120.0,37.0,5.0,300.0,own,single,education,0
48.0,15.4,250.0,120.0,44.0,6.0,308.0,rent,divorced,car,0
50.0,10.0,250.0,120.0,30.0,11.0,479.0,rent,single,business,0
49.0,12.6,250.0,120.0,43.0,4.0,354.0,own,single,business,0
56.0,11.1,250.0,120.0,44.0,12.0,300.0,own,single,education,0
50.0,8.9,250.0,120.0,44.0,12.0,300.0,own,single,car,1
48.0,14.3,250.0,120.0,40.0,4.0,443.0,rent,single,car,0
47.0,9.1,250.0,120.0,38.0,5.0,344.0,rent,single,medical,1
53.0,13.9,250.0,120.0,17.0,3.0,332.0,free,single,medical,1
50.0,9.0,250.0,120.0,38.0,5.0,367.0,rent,single,medical,0
49.0,1.0,250.0,19.0,32.0,4.0,657.0,free,single,business,0
47.0,12.9,250.0,120.0,40.0,2.0,412.0,own,single,business,0
56.0,13.8,250.0,120.0,35.0,10.0,315.0,rent,single,home_improvement,1
48.0,13.2,250.0,120.0,44.0,4.0,363.0,own,single,home_improvement,0
47.0,15.6,250.0,120.0,41.0,4.0,398.0,rent,single,business,0
44.0,12.2,250.0,120.0,39.0,3.0,383.0,rent,single,education,0
48.0,15.2,250.0,120.0,37.0,6.0,319.0,free,single,business,1
53.0,13.3,250.0,120.0,46.0,4.0,351.0,rent,married,car,1
50.0,11.7,250.0,120.0,47.0,12.0,300.0,own,divorced,car,0
59.0,4.8,250.0,120.0,35.0,7.0,670.0,own,divorced,home_improvement,0
40.0,14.3,250.0,120.0,33.0,5.0,318.0,own,married,medical,0
55.0,8.7,250.0,120.0,28.0,6.0,493.0,own,married,car,0
48.0,12.7,250.0,120.0,40.0,5.0,300.0,rent,single,car,1
48.0,11.5,250.0,120.0,32.0,8.0,300.0,rent,married,car,0
54.0,13.3,250.0,120.0,35.0,2.0,440.0,rent,married,home_improvement,1
31.0,9.7,250.0,120.0,33.0,9.0,361.0,rent,married,education,0
47.0,11.2,250.0,120.0,53.0,8.0,300.0,rent,divorced,education,1
47.0,6.6,250.0,120.0,33.0,4.0,329.0,rent,married,car,1
49.0,15.0,250.0,120.0,27.0,4.0,300.0,own,married,medical,0
38.0,12.5,250.0,120.0,36.0,10.0,375.0,own,married,business,0
55.0,4.6,250.0,120.0,37.0,7.0,568.0,rent,single,home_improvement,1
43.0,12.6,250.0,120.0,35.0,10.0,437.0,rent,divorced,home_improvement,0
44.0,12.1,250.0,120.0,41.0,4.0,387.0,own,single,car,0
42.0,12.0,250.0,120.0,34.0,11.0,438.0,rent,divorced,medical,0
52.0,13.6,250.0,120.0,41.0,8.0,300.0,rent,married,business,1
49.0,14.6,250.0,55.0,41.0,4.0,348.0,own,single,home_improvement,0
53.0,19.3,250.0,120.0,43.0,3.0,434.0,own,married,education,0
59.0,11.2,250.0,120.0,28.0,12.0,300.0,rent,single,medical,0
48.0,13.3,250.0,120.0,30.0,2.0,364.0,rent,married,medical,0
43.0,11.9,250.0,120.0,35.0,3.0,300.0,own,married,business,0
44.0,13.6,250.0,120.0,40.0,6.0,300.0,rent,married,car,0
49.0,14.8,250.0,120.0,49.0,7.0,428.0,own,divorced,medical,0
54.0,12.9,250.0,120.0,38.0,12.0,516.0,rent,single,medical,1
47.0,12.6,250.0,120.0,29.0,6.0,300.0,own,single,business,0
45.0,12.8,250.0,120.0,44.0,3.0,341.0,rent,married,business,1
38.0,12.2,250.0,120.0,39.0,6.0,361.0,own,single,education,0
38.0,13.4,250.0,120.0,35.0,6.0,349.0,own,married,car,0
33.0,11.2,250.0,120.0,30.0,8.0,305.0,rent,single,medical,0
49.0,12.2,250.0,120.0,35.0,6.0,434.0,own,single,business,0
51.0,10.8,250.0,120.0,25.0,4.0,300.0,own,married,education,0
46.0,7.9,250.0,120.0,25.0,4.0,300.0,own,divorced,home_improvement,0
51.0,13.6,250.0,120.0,25.0,3.0,378.0,rent,single,car,0
46.0,14.3,250.0,120.0,28.0,5.0,312.0,rent,divorced,car,0
52.0,12.2,250.0,120.0,30.0,3.0,300.0,free,married,education,1
42.0,12.3,250.0,120.0,49.0,3.0,396.0,own,single,business,0
41.0,12.4,250.0,120.0,38.0,5.0,369.0,own,married,education,0
49.0,14.1,250.0,120.0,44.0,2.0,308.0,own,married,car,0
51.0,11.0,250.0,120.0,44.0,7.0,428.0,rent,single,education,1
50.0,8.2,250.0,120.0,38.0,8.0,359.0,free,married,education,0
41.0,7.6,250.0,120.0,25.0,3.0,300.0,rent,single,business,1
53.0,9.3,250.0,120.0,24.0,8.0,443.0,rent,single,business,0
42.0,14.4,250.0,120.0,30.0,3.0,309.0,own,married,medical,0
54.0,7.3,250.0,120.0,40.0,3.0,356.0,free,married,medical,1
57.0,11.3,250.0,120.0,21.0,7.0,399.0,rent,married,education,0
56.0,12.8,250.0,120.0,32.0,11.0,300.0,own,single,medical,0
41.0,16.8,250.0,120.0,32.0,8.0,347.0,own,divorced,business,0
49.0,11.7,85.0,120.0,38.0,3.0,547.0,own,married,car,0
52.0,13.2,250.0,120.0,50.0,4.0,387.0,own,divorced,education,0
49.0,12.8,250.0,120.0,32.0,5.0,345.0,own,married,home_improvement,0
55.0,13.2,250.0,99.0,37.0,8.0,385.0,rent,single,medical,0
52.0,13.9,250.0,120.0,49.0,4.0,398.0,rent,married,education,0
46.0,12.6,250.0,120.0,26.0,10.0,300.0,own,single,car,0
38.0,14.3,250.0,120.0,42.0,12.0,385.0,own,married,car,0
43.0,13.0,250.0,120.0,30.0,5.0,389.0,free,married,car,0
50.0,14.9,250.0,120.0,36.0,6.0,364.0,rent,single,home_improvement,0
49.0,7.4,196.0,120.0,34.0,9.0,392.0,rent,divorced,business,1
57.0,11.1,250.0,120.0,41.0,9.0,340.0,own,single,business,0
56.0,8.6,250.0,120.0,35.0,11.0,300.0,rent,married,home_improvement,0
49.0,10.8,250.0,120.0,37.0,10.0,412.0,own,married,medical,0
49.0,10.9,250.0,120.0,43.0,12.0,300.0,own,single,home_improvement,0
42.0,10.9,250.0,120.0,28.0,6.0,332.0,free,married,car,0
51.0,3.8,250.0,120.0,35.0,6.0,580.0,rent,married,business,0
44.0,13.0,250.0,120.0,47.0,3.0,331.0,rent,single,medical,1
61.0,8.8,250.0,120.0,37.0,12.0,741.0,rent,married,home_improvement,0
47.0,11.5,250.0,120.0,25.0,9.0,300.0,rent,single,education,1
52.0,5.1,250.0,120.0,40.0,7.0,518.0,own,married,education,0
49.0,17.5,250.0,120.0,37.0,4.0,318.0,own,single,medical,0
52.0,12.6,250.0,120.0,39.0,8.0,300.0,own,divorced,car,0
41.0,13.1,250.0,120.0,47.0,9.0,359.0,own,divorced,business,0
42.0,11.0,250.0,120.0,46.0,8.0,417.0,rent,single,car,1
60.0,11.3,250.0,120.0,29.0,9.0,556.0,own,single,medical,0
50.0,11.2,250.0,120.0,40.0,5.0,300.0,rent,married,car,1
52.0,13.3,250.0,120.0,45.0,5.0,380.0,rent,married,car,1
53.0,9.9,250.0,120.0,43.0,6.0,300.0,rent,married,education,0
49.0,10.6,250.0,120.0,50.0,3.0,481.0,own,single,education,0
51.0,8.4,250.0,120.0,43.0,6.0,388.0,rent,single,business,0
56.0,4.9,250.0,120.0,40.0,2.0,474.0,free,divorced,education,1
33.0,8.8,250.0,120.0,42.0,2.0,328.0,rent,married,education,1
41.0,11.9,250.0,120.0,48.0,10.0,427.0,rent,divorced,business,0
52.0,14.5,250.0,120.0,25.0,8.0,305.0,free,married,business,0
31.0,11.1,250.0,120.0,33.0,7.0,300.0,rent,divorced,medical,1
53.0,13.5,250.0,120.0,41.0,6.0,300.0,own,single,business,0
56.0,13.1,250.0,120.0,29.0,5.0,300.0,rent,single,business,0
38.0,13.7,250.0,120.0,35.0,10.0,381.0,own,divorced,home_improvement,0
51.0,13.2,250.0,120.0,40.0,4.0,434.0,rent,divorced,car,0
51.0,10.9,250.0,120.0,38.0,3.0,300.0,free,single,home_improvement,1
51.0,13.6,250.0,120.0,31.0,3.0,349.0,rent,single,medical,0
38.0,12.7,250.0,120.0,37.0,7.0,304.0,own,married,education,0
54.0,12.2,250.0,93.0,44.0,12.0,300.0,own,married,car,0
44.0,13.1,250.0,120.0,37.0,8.0,436.0,free,single,education,0
56.0,8.0,250.0,120.0,28.0,3.0,367.0,own,divorced,education,0
55.0,15.3,250.0,120.0,42.0,9.0,346.0,own,single,business,0
36.0,9.4,250.0,79.0,31.0,6.0,434.0,own,married,medical,0
36.0,11.9,250.0,120.0,38.0,8.0,300.0,own,single,business,0
43.0,12.1,250.0,120.0,40.0,7.0,433.0,rent,single,car,1
48.0,15.6,250.0,120.0,50.0,9.0,366.0,rent,married,education,0
49.0,10.8,168.0,120.0,44.0,2.0,525.0,own,single,home_improvement,0
54.0,15.2,250.0,120.0,31.0,7.0,301.0,own,married,education,0
55.0,14.8,250.0,120.0,37.0,7.0,517.0,own,single,business,0
43.0,5.3,250.0,120.0,33.0,11.0,534.0,own,divorced,home_improvement,0
50.0,15.1,250.0,120.0,41.0,5.0,363.0,own,married,education,0
32.0,9.6,250.0,110.0,51.0,4.0,300.0,rent,divorced,home_improvement,1
44.0,4.1,250.0,120.0,33.0,4.0,433.0,own,single,education,0
34.0,13.0,250.0,120.0,37.0,3.0,300.0,own,single,car,0
52.0,12.7,250.0,120.0,45.0,12.0,300.0,own,single,education,0
54.0,7.9,250.0,120.0,45.0,12.0,300.0,own,married,business,0
43.0,13.6,250.0,120.0,39.0,3.0,300.0,own,single,car,0
50.0,12.0,250.0,120.0,53.0,6.0,393.0,own,single,medical,0
48.0,11.6,250.0,120.0,32.0,5.0,300.0,rent,single,business,1
60.0,6.1,250.0,120.0,36.0,12.0,800.0,own,single,car,0
57.0,10.8,250.0,120.0,33.0,12.0,312.0,rent,single,medical,1
50.0,16.2,114.0,120.0,39.0,2.0,470.0,rent,single,medical,0
37.0,11.5,250.0,120.0,35.0,6.0,335.0,own,single,car,0
58.0,9.2,250.0,120.0,44.0,8.0,300.0,own,married,car,1
53.0,8.0,250.0,120.0,34.0,8.0,475.0,rent,single,education,0
60.0,11.1,250.0,120.0,36.0,12.0,300.0,rent,single,business,1
53.0,18.5,250.0,120.0,25.0,5.0,523.0,own,married,home_improvement,0
40.0,14.4,250.0,120.0,37.0,6.0,331.0,own,married,business,0
43.0,12.8,250.0,120.0,35.0,4.0,300.0,own,single,home_improvement,0
40.0,14.6,250.0,120.0,38.0,6.0,321.0,rent,married,car,1
44.0,10.5,250.0,120.0,40.0,5.0,300.0,rent,divorced,home_improvement,1
58.0,13.3,250.0,120.0,32.0,12.0,309.0,own,married,medical,0
38.0,12.3,250.0,52.0,43.0,5.0,395.0,own,divorced,business,0
33.0,11.4,250.0,120.0,34.0,10.0,369.0,free,married,business,1
61.0,9.2,250.0,91.0,47.0,10.0,373.0,own,single,education,0
52.0,7.4,250.0,120.0,54.0,8.0,300.0,rent,married,medical,1
42.0,11.9,250.0,120.0,37.0,8.0,384.0,rent,married,car,0
43.0,12.8,250.0,120.0,35.0,6.0,409.0,own,divorced,education,0
38.0,10.5,250.0,120.0,43.0,7.0,407.0,own,married,car,0
41.0,12.9,250.0,120.0,41.0,10.0,437.0,own,single,medical,0
39.0,14.7,250.0,120.0,43.0,11.0,300.0,free,married,business,0
49.0,17.5,110.0,120.0,45.0,5.0,535.0,own,single,medical,0
51.0,14.7,250.0,120.0,34.0,2.0,335.0,own,married,home_improvement,0
48.0,14.2,250.0,120.0,38.0,7.0,433.0,own,married,business,0
49.0,11.1,82.0,120.0,24.0,2.0,535.0,own,married,business,0
51.0,12.4,250.0,120.0,37.0,12.0,300.0,rent,divorced,education,1
50.0,14.2,250.0,120.0,43.0,3.0,447.0,own,married,business,0
36.0,10.3,250.0,120.0,36.0,5.0,373.0,rent,married,home_improvement,1
34.0,13.0,250.0,120.0,49.0,9.0,300.0,rent,married,medical,1
46.0,13.7,250.0,120.0,30.0,6.0,337.0,rent,married,business,0
35.0,11.2,250.0,120.0,48.0,3.0,324.0,own,divorced,medical,0
50.0,12.6,250.0,120.0,50.0,7.0,392.0,rent,single,medical,0
51.0,14.5,205.0,120.0,34.0,6.0,582.0,rent,married,business,0
49.0,14.8,250.0,120.0,29.0,5.0,333.0,own,single,business,0
47.0,13.8,250.0,120.0,24.0,8.0,300.0,rent,divorced,car,0
55.0,13.5,250.0,120.0,39.0,9.0,365.0,rent,married,education,0
44.0,15.3,250.0,120.0,35.0,4.0,300.0,own,married,medical,0
40.0,13.2,250.0,120.0,40.0,9.0,300.0,free,single,car,1
55.0,9.1,250.0,120.0,42.0,2.0,317.0,rent,single,education,0
38.0,16.0,250.0,120.0,33.0,12.0,310.0,rent,married,home_improvement,0
33.0,10.5,250.0,120.0,41.0,5.0,300.0,free,single,education,1
51.0,14.8,250.0,120.0,36.0,9.0,300.0,own,single,medical,0
56.0,11.6,250.0,48.0,45.0,9.0,306.0,rent,divorced,home_improvement,1
50.0,15.2,250.0,120.0,43.0,8.0,300.0,own,married,car,0
47.0,15.2,250.0,120.0,40.0,5.0,384.0,rent,single,education,0
51.0,12.5,250.0,120.0,49.0,8.0,300.0,rent,single,home_improvement,0
39.0,10.7,250.0,120.0,36.0,7.0,418.0,own,divorced,medical,0
47.0,13.0,250.0,120.0,42.0,7.0,448.0,own,married,medical,0
56.0,8.8,250.0,120.0,42.0,3.0,336.0,own,married,medical,1
31.0,9.5,250.0,120.0,36.0,3.0,300.0,own,single,car,0
40.0,11.4,250.0,120.0,42.0,4.0,300.0,own,single,home_improvement,0
43.0,13.5,250.0,120.0,28.0,7.0,369.0,own,single,car,0
50.0,17.0,250.0,120.0,39.0,4.0,379.0,own,married,car,0
43.0,12.7,250.0,120.0,41.0,6.0,360.0,own,single,home_improvement,0
39.0,14.0,250.0,120.0,36.0,12.0,353.0,rent,single,business,0
37.0,11.2,250.0,120.0,41.0,6.0,362.0,rent,married,home_improvement,1
44.0,12.5,250.0,120.0,26.0,2.0,382.0,rent,divorced,medical,0
49.0,16.3,250.0,120.0,27.0,7.0,452.0,own,married,car,0
54.0,13.0,250.0,120.0,29.0,6.0,304.0,rent,married,business,1
40.0,10.7,250.0,120.0,34.0,5.0,393.0,rent,married,medical,0
52.0,12.3,250.0,120.0,36.0,7.0,387.0,own,married,business,0
49.0,13.5,190.0,120.0,43.0,4.0,455.0,own,single,business,1
46.0,14.2,250.0,120.0,34.0,6.0,300.0,rent,married,business,0
45.0,13.9,250.0,120.0,32.0,5.0,326.0,own,married,medical,0
41.0,12.7,250.0,120.0,43.0,6.0,366.0,rent,married,car,0
50.0,9.8,250.0,120.0,40.0,10.0,301.0,free,divorced,medical,1
58.0,10.7,250.0,120.0,47.0,10.0,300.0,own,divorced,medical,1
46.0,12.2,250.0,120.0,55.0,8.0,355.0,own,single,medical,0
46.0,12.6,250.0,120.0,43.0,4.0,348.0,free,single,business,1
56.0,8.8,250.0,120.0,37.0,12.0,300.0,rent,single,business,1
39.0,12.0,250.0,120.0,44.0,9.0,392.0,own,single,education,0
59.0,12.0,250.0,120.0,39.0,10.0,351.0,rent,single,education,1
42.0,16.5,250.0,120.0,38.0,9.0,300.0,rent,single,medical,1
54.0,6.1,250.0,120.0,28.0,2.0,442.0,rent,married,business,1
54.0,15.0,250.0,120.0,47.0,5.0,392.0,rent,married,home_improvement,1
52.0,13.1,250.0,120.0,38.0,4.0,300.0,own,divorced,car,0
40.0,14.2,250.0,120.0,46.0,10.0,315.0,own,single,home_improvement,0
50.0,12.8,242.0,120.0,48.0,3.0,506.0,rent,single,home_improvement,0
49.0,11.5,250.0,120.0,43.0,5.0,454.0,own,married,medical,0
50.0,11.0,250.0,120.0,36.0,11.0,470.0,rent,single,car,1
48.0,11.6,250.0,120.0,45.0,2.0,402.0,rent,single,business,0
50.0,14.7,250.0,120.0,20.0,10.0,422.0,own,divorced,business,0
50.0,10.3,250.0,120.0,40.0,9.0,300.0,rent,single,business,1
43.0,16.2,250.0,120.0,35.0,7.0,454.0,own,single,car,0
53.0,16.4,250.0,120.0,45.0,10.0,300.0,rent,married,business,0
45.0,13.5,250.0,120.0,34.0,9.0,399.0,own,married,education,0
41.0,14.5,250.0,120.0,45.0,10.0,385.0,rent,married,home_improvement,0
56.0,7.4,250.0,120.0,45.0,2.0,459.0,rent,single,education,1
42.0,12.9,250.0,120.0,45.0,7.0,407.0,own,married,business,0
29.0,10.9,250.0,120.0,37.0,5.0,303.0,rent,single,home_improvement,1
57.0,9.3,250.0,120.0,31.0,9.0,496.0,rent,married,car,0
49.0,12.2,250.0,120.0,41.0,6.0,300.0,rent,married,home_improvement,1
43.0,11.7,250.0,120.0,33.0,5.0,300.0,rent,divorced,home_improvement,0
52.0,14.3,250.0,120.0,33.0,5.0,546.0,free,single,car,0
37.0,11.8,250.0,120.0,45.0,6.0,306.0,own,married,car,1
59.0,9.6,250.0,120.0,48.0,12.0,300.0,rent,single,medical,1
50.0,13.0,172.0,120.0,27.0,4.0,539.0,own,single,education,0
49.0,14.5,250.0,120.0,27.0,6.0,326.0,rent,single,medical,0
46.0,14.6,250.0,120.0,37.0,5.0,330.0,rent,married,business,1
46.0,11.8,250.0,120.0,29.0,4.0,388.0,own,single,education,0
41.0,15.6,250.0,120.0,42.0,3.0,300.0,own,married,education,0
26.0,10.9,250.0,120.0,33.0,8.0,300.0,rent,single,home_improvement,0
58.0,4.0,250.0,83.0,41.0,6.0,672.0,own,divorced,car,0
55.0,13.3,250.0,120.0,49.0,4.0,389.0,rent,married,business,1
51.0,14.7,250.0,120.0,43.0,5.0,526.0,own,single,education,0
50.0,10.3,250.0,120.0,48.0,8.0,300.0,free,single,car,1
43.0,15.4,250.0,120.0,36.0,12.0,360.0,own,single,education,0
48.0,11.5,119.0,120.0,40.0,4.0,493.0,own,divorced,business,0
49.0,12.0,250.0,120.0,36.0,5.0,311.0,rent,single,home_improvement,1
54.0,7.0,250.0,120.0,50.0,2.0,414.0,free,married,car,1
51.0,13.9,250.0,120.0,36.0,10.0,300.0,own,married,medical,0
41.0,14.9,250.0,120.0,43.0,4.0,300.0,rent,married,medical,1
45.0,12.9,250.0,120.0,45.0,10.0,451.0,rent,married,home_improvement,0
46.0,12.6,250.0,120.0,57.0,3.0,300.0,rent,married,medical,1
49.0,8.6,219.0,120.0,38.0,7.0,409.0,own,divorced,business,0
50.0,11.3,250.0,120.0,47.0,9.0,300.0,rent,single,medical,1
49.0,11.6,250.0,120.0,36.0,5.0,300.0,rent,married,home_improvement,1
39.0,11.9,250.0,120.0,31.0,7.0,381.0,rent,single,business,1
49.0,10.2,250.0,120.0,37.0,12.0,300.0,rent,married,car,0
51.0,14.7,250.0,120.0,26.0,6.0,441.0,rent,divorced,business,0
57.0,8.2,250.0,52.0,37.0,11.0,300.0,own,married,medical,0
49.0,9.4,250.0,120.0,31.0,12.0,300.0,free,married,medical,0
48.0,6.5,250.0,120.0,39.0,4.0,370.0,rent,single,business,1
42.0,13.5,250.0,120.0,44.0,5.0,381.0,rent,married,education,1
33.0,12.4,250.0,120.0,41.0,12.0,314.0,own,single,home_improvement,0
62.0,13.0,250.0,111.0,37.0,8.0,398.0,own,married,car,0
59.0,8.3,250.0,120.0,28.0,5.0,599.0,rent,married,car,0
52.0,9.8,250.0,120.0,37.0,5.0,338.0,own,single,business,0
33.0,10.6,250.0,106.0,40.0,4.0,347.0,free,single,medical,1
51.0,12.0,250.0,120.0,36.0,11.0,300.0,own,single,education,0
49.0,11.2,250.0,120.0,49.0,6.0,300.0,rent,single,business,1
46.0,14.0,250.0,120.0,46.0,6.0,361.0,rent,single,education,0
42.0,11.3,250.0,120.0,33.0,3.0,339.0,own,divorced,business,0
44.0,13.9,250.0,120.0,25.0,2.0,300.0,own,married,car,0
55.0,10.1,250.0,120.0,33.0,7.0,304.0,rent,single,business,1
57.0,9.2,250.0,120.0,38.0,12.0,300.0,rent,married,business,0
33.0,11.9,250.0,120.0,28.0,8.0,352.0,own,married,education,0
53.0,13.1,250.0,120.0,38.0,8.0,348.0,rent,single,education,1
52.0,10.7,250.0,120.0,26.0,7.0,300.0,free,single,home_improvement,0
51.0,6.7,250.0,120.0,42.0,3.0,402.0,rent,single,car,0
36.0,11.0,250.0,120.0,39.0,4.0,300.0,own,single,car,0
55.0,10.3,250.0,120.0,34.0,11.0,300.0,own,married,car,0
41.0,10.8,250.0,120.0,44.0,2.0,317.0,own,divorced,medical,0
46.0,12.0,250.0,120.0,39.0,6.0,395.0,own,single,education,0
45.0,16.9,250.0,120.0,52.0,4.0,383.0,own,married,car,0
50.0,12.1,250.0,120.0,44.0,4.0,300.0,rent,single,medical,1
46.0,11.3,250.0,120.0,32.0,3.0,300.0,own,married,car,0
39.0,16.4,250.0,120.0,31.0,12.0,351.0,free,married,education,1
62.0,12.7,250.0,120.0,53.0,10.0,341.0,own,single,car,1
37.0,12.7,250.0,120.0,32.0,9.0,329.0,own,single,home_improvement,0
46.0,13.8,250.0,120.0,30.0,8.0,450.0,rent,married,home_improvement,0
52.0,10.8,250.0,100.0,44.0,8.0,300.0,rent,divorced,home_improvement,1
51.0,11.8,250.0,120.0,34.0,3.0,461.0,own,single,education,0
41.0,12.3,250.0,120.0,34.0,3.0,300.0,own,single,education,0
51.0,6.7,250.0,120.0,40.0,8.0,300.0,own,single,medical,0
51.0,10.6,250.0,120.0,22.0,5.0,300.0,rent,married,medical,0
48.0,14.2,250.0,120.0,39.0,3.0,407.0,rent,married,car,0
54.0,13.4,250.0,101.0,44.0,10.0,309.0,own,married,home_improvement,0
63.0,12.4,250.0,120.0,46.0,7.0,415.0,own,married,medical,0
47.0,16.3,72.0,120.0,44.0,3.0,483.0,rent,divorced,business,0
50.0,14.5,250.0,120.0,44.0,10.0,474.0,free,married,home_improvement,0
59.0,7.5,250.0,120.0,39.0,12.0,703.0,rent,single,car,0
51.0,8.1,250.0,120.0,30.0,9.0,320.0,rent,married,car,1
39.0,13.3,250.0,120.0,39.0,2.0,300.0,own,single,car,0
60.0,11.6,250.0,120.0,44.0,9.0,331.0,own,single,car,1
54.0,5.7,250.0,120.0,36.0,2.0,460.0,own,divorced,medical,0
51.0,14.5,250.0,120.0,43.0,6.0,570.0,rent,married,home_improvement,0
53.0,12.5,250.0,57.0,36.0,6.0,378.0,rent,divorced,home_improvement,1
42.0,15.1,250.0,120.0,43.0,10.0,328.0,free,married,education,1
39.0,12.3,250.0,120.0,41.0,8.0,366.0,free,married,medical,0
45.0,11.2,250.0,120.0,40.0,6.0,300.0,free,married,car,0
58.0,11.0,250.0,120.0,38.0,9.0,333.0,free,single,medical,0
57.0,9.6,250.0,120.0,40.0,7.0,346.0,own,single,car,0
53.0,13.5,250.0,120.0,44.0,5.0,338.0,own,married,car,0
42.0,10.7,250.0,120.0,44.0,7.0,300.0,own,single,car,0
48.0,7.7,129.0,120.0,40.0,11.0,335.0,rent,divorced,home_improvement,1
40.0,12.3,250.0,120.0,47.0,5.0,363.0,own,single,education,0
35.0,10.2,250.0,120.0,32.0,3.0,313.0,rent,single,business,0
53.0,6.8,250.0,120.0,46.0,9.0,424.0,rent,married,business,1
57.0,9.1,250.0,120.0,38.0,9.0,531.0,rent,single,home_improvement,1
52.0,16.4,250.0,120.0,35.0,6.0,368.0,own,divorced,education,0
38.0,12.7,250.0,120.0,36.0,10.0,373.0,own,married,car,0
45.0,15.5,250.0,120.0,46.0,2.0,355.0,own,single,education,0
55.0,11.3,250.0,120.0,30.0,12.0,300.0,rent,married,education,1
42.0,13.9,250.0,120.0,43.0,5.0,341.0,rent,married,home_improvement,1
41.0,13.6,250.0,120.0,31.0,9.0,389.0,rent,married,home_improvement,0
51.0,15.5,250.0,120.0,26.0,6.0,392.0,own,married,car,0
51.0,12.1,250.0,120.0,41.0,3.0,523.0,own,married,home_improvement,0
49.0,12.6,250.0,120.0,40.0,2.0,320.0,own,married,car,0
49.0,9.5,250.0,120.0,49.0,12.0,300.0,rent,single,home_improvement,1
39.0,14.2,250.0,120.0,46.0,8.0,316.0,rent,married,education,1
50.0,11.6,250.0,120.0,41.0,9.0,318.0,own,divorced,education,0
50.0,12.3,250.0,120.0,38.0,4.0,370.0,free,married,business,1
42.0,15.4,250.0,120.0,43.0,7.0,300.0,own,married,education,0
29.0,11.2,250.0,120.0,35.0,12.0,300.0,rent,married,home_improvement,1
38.0,11.1,250.0,97.0,53.0,7.0,448.0,own,married,medical,0
47.0,12.5,250.0,120.0,42.0,7.0,300.0,own,divorced,medical,0
49.0,11.9,250.0,120.0,43.0,3.0,300.0,rent,single,business,1
53.0,10.3,250.0,120.0,31.0,4.0,300.0,own,single,business,0
42.0,12.5,250.0,120.0,47.0,6.0,359.0,own,married,business,0
49.0,14.7,250.0,120.0,26.0,7.0,391.0,own,married,home_improvement,0
51.0,10.6,250.0,120.0,32.0,9.0,300.0,own,married,business,0
41.0,11.9,250.0,120.0,46.0,12.0,478.0,rent,single,business,0
52.0,10.6,250.0,120.0,25.0,5.0,300.0,rent,married,business,0
44.0,1.8,250.0,39.0,42.0,4.0,555.0,rent,married,education,1
44.0,12.1,250.0,120.0,33.0,5.0,353.0,own,married,business,0
48.0,16.2,250.0,120.0,25.0,9.0,403.0,rent,married,home_improvement,0
56.0,7.1,250.0,120.0,28.0,8.0,559.0,own,married,business,0
54.0,6.6,250.0,120.0,45.0,5.0,481.0,own,married,medical,1
54.0,12.0,250.0,120.0,37.0,9.0,326.0,own,married,medical,0
39.0,14.0,250.0,120.0,42.0,12.0,396.0,free,married,business,0
49.0,12.5,250.0,120.0,32.0,7.0,306.0,rent,married,medical,1
49.0,14.5,250.0,120.0,43.0,7.0,300.0,rent,married,car,1
52.0,8.9,250.0,120.0,38.0,9.0,300.0,rent,single,medical,0
50.0,8.0,250.0,120.0,39.0,12.0,300.0,rent,single,education,1
51.0,12.2,250.0,120.0,37.0,7.0,300.0,rent,married,business,1
40.0,14.8,250.0,120.0,47.0,4.0,300.0,rent,divorced,education,1
56.0,8.0,250.0,120.0,33.0,3.0,442.0,own,married,business,0
54.0,13.2,250.0,120.0,36.0,10.0,300.0,own,single,education,0
42.0,13.9,250.0,120.0,35.0,10.0,370.0,own,married,home_improvement,0
45.0,12.9,250.0,120.0,46.0,7.0,300.0,free,single,car,1
44.0,12.9,250.0,120.0,47.0,6.0,396.0,rent,married,medical,0
52.0,13.8,250.0,120.0,42.0,10.0,300.0,free,married,medical,0
51.0,10.4,250.0,120.0,34.0,12.0,300.0,own,married,business,0
52.0,11.3,250.0,120.0,40.0,4.0,509.0,rent,married,business,0
46.0,14.1,250.0,120.0,41.0,5.0,300.0,own,single,home_improvement,0
51.0,15.2,250.0,120.0,32.0,8.0,384.0,own,married,car,0
46.0,12.5,250.0,120.0,36.0,3.0,300.0,own,divorced,home_improvement,0
49.0,10.8,250.0,120.0,35.0,12.0,300.0,own,married,education,0
34.0,10.8,250.0,120.0,36.0,6.0,323.0,free,married,home_improvement,0
50.0,9.5,250.0,120.0,27.0,6.0,300.0,own,single,education,0
41.0,15.7,250.0,120.0,37.0,2.0,301.0,rent,single,home_improvement,0
45.0,14.7,250.0,120.0,37.0,9.0,391.0,rent,single,home_improvement,0
41.0,13.0,250.0,120.0,41.0,2.0,301.0,own,single,education,1
51.0,13.8,250.0,120.0,43.0,6.0,370.0,rent,single,home_improvement,0
52.0,9.1,250.0,120.0,33.0,3.0,464.0,own,divorced,business,0
36.0,8.7,250.0,30.0,38.0,7.0,466.0,free,married,education,0
39.0,11.5,250.0,120.0,35.0,8.0,394.0,rent,single,business,0
40.0,11.7,250.0,120.0,45.0,6.0,382.0,rent,single,medical,0
63.0,9.1,250.0,120.0,41.0,12.0,309.0,rent,single,car,1
44.0,15.4,250.0,120.0,41.0,4.0,300.0,own,married,medical,0
43.0,14.8,250.0,120.0,46.0,6.0,352.0,free,single,medical,1
52.0,15.9,250.0,109.0,46.0,4.0,468.0,own,married,business,0
39.0,12.6,250.0,94.0,39.0,10.0,433.0,own,married,home_improvement,0
53.0,4.8,250.0,120.0,37.0,7.0,636.0,own,single,education,0
50.0,11.5,250.0,120.0,24.0,8.0,300.0,rent,married,car,1
43.0,13.7,250.0,120.0,47.0,7.0,384.0,rent,divorced,business,0
53.0,15.1,250.0,119.0,48.0,5.0,412.0,rent,married,medical,1
44.0,13.2,250.0,120.0,50.0,5.0,312.0,rent,single,education,1
49.0,4.1,250.0,120.0,35.0,6.0,532.0,own,divorced,home_improvement,0
51.0,10.6,250.0,120.0,54.0,6.0,300.0,free,divorced,home_improvement,1
49.0,12.2,250.0,120.0,39.0,7.0,300.0,own,married,home_improvement,0
52.0,3.8,250.0,120.0,38.0,8.0,591.0,rent,married,education,0
40.0,14.4,250.0,120.0,37.0,7.0,335.0,own,single,education,0
41.0,12.3,250.0,120.0,34.0,5.0,349.0,free,married,business,0
55.0,11.0,250.0,120.0,44.0,5.0,300.0,own,married,medical,0
50.0,9.6,208.0,120.0,26.0,8.0,382.0,own,single,medical,0
50.0,13.7,250.0,120.0,52.0,6.0,300.0,rent,married,business,1
43.0,14.7,250.0,120.0,31.0,12.0,443.0,own,divorced,medical,0
42.0,15.3,250.0,120.0,34.0,2.0,300.0,own,married,business,0
43.0,12.3,250.0,120.0,41.0,5.0,387.0,rent,single,education,1
53.0,10.7,250.0,120.0,48.0,7.0,300.0,own,single,car,1
50.0,9.9,238.0,120.0,41.0,6.0,436.0,free,divorced,home_improvement,0
55.0,11.3,250.0,120.0,30.0,6.0,384.0,own,divorced,home_improvement,0
41.0,14.2,250.0,73.0,24.0,12.0,449.0,rent,married,medical,0
50.0,8.6,250.0,120.0,44.0,8.0,328.0,rent,married,home_improvement,1
39.0,13.2,250.0,120.0,46.0,5.0,300.0,rent,married,car,1
52.0,13.0,250.0,120.0,46.0,6.0,395.0,rent,married,business,1
56.0,8.6,250.0,120.0,40.0,9.0,549.0,rent,single,home_improvement,1
55.0,11.3,250.0,120.0,27.0,8.0,300.0,free,single,business,1
54.0,11.5,250.0,120.0,36.0,3.0,386.0,own,single,business,0
49.0,10.2,115.0,120.0,43.0,5.0,465.0,own,married,medical,0
36.0,10.1,250.0,120.0,38.0,4.0,300.0,rent,single,home_improvement,0
56.0,14.0,250.0,120.0,25.0,8.0,363.0,rent,single,home_improvement,1
56.0,10.8,250.0,120.0,32.0,8.0,324.0,own,married,business,0
50.0,7.9,250.0,120.0,47.0,12.0,300.0,own,single,education,0
51.0,14.7,250.0,120.0,34.0,5.0,373.0,rent,single,business,0
39.0,11.4,250.0,120.0,38.0,7.0,390.0,rent,married,medical,0
50.0,15.1,95.0,120.0,30.0,5.0,449.0,free,single,home_improvement,0
49.0,7.4,138.0,120.0,41.0,5.0,475.0,rent,married,home_improvement,0
31.0,10.5,250.0,120.0,31.0,5.0,315.0,rent,divorced,car,0
40.0,13.5,250.0,120.0,40.0,9.0,316.0,own,single,medical,0
57.0,13.3,250.0,120.0,35.0,8.0,372.0,free,divorced,education,0
58.0,10.7,250.0,17.0,38.0,8.0,341.0,own,divorced,medical,0
50.0,11.0,250.0,120.0,32.0,7.0,303.0,rent,married,business,1
53.0,16.3,250.0,120.0,45.0,11.0,300.0,own,married,medical,0
51.0,11.9,153.0,120.0,33.0,5.0,595.0,rent,married,medical,0
46.0,14.6,250.0,120.0,42.0,6.0,300.0,rent,married,home_improvement,1
45.0,14.1,250.0,120.0,37.0,9.0,340.0,rent,married,medical,1
53.0,9.5,250.0,53.0,34.0,10.0,300.0,free,single,home_improvement,1
44.0,13.0,250.0,120.0,40.0,7.0,300.0,own,divorced,medical,0
44.0,11.3,250.0,120.0,37.0,5.0,407.0,rent,married,car,1
55.0,13.5,250.0,120.0,38.0,8.0,355.0,own,married,car,0
43.0,13.8,250.0,120.0,47.0,8.0,398.0,own,single,business,0
46.0,13.0,250.0,120.0,42.0,2.0,361.0,own,single,medical,0
56.0,11.3,250.0,120.0,39.0,8.0,300.0,own,married,home_improvement,0
36.0,9.5,250.0,120.0,39.0,3.0,322.0,own,married,business,0
59.0,5.0,250.0,120.0,41.0,12.0,717.0,rent,married,business,0
49.0,10.1,250.0,120.0,49.0,12.0,300.0,rent,single,home_improvement,1
48.0,13.6,34.0,120.0,44.0,2.0,576.0,rent,single,medical,0
34.0,12.2,250.0,120.0,49.0,10.0,342.0,own,married,medical,0
52.0,14.0,250.0,120.0,41.0,2.0,401.0,own,single,car,0
52.0,4.9,250.0,72.0,44.0,6.0,405.0,own,divorced,business,0
38.0,12.7,250.0,120.0,42.0,6.0,326.0,rent,single,education,1
35.0,13.0,250.0,120.0,40.0,11.0,357.0,rent,single,home_improvement,0
45.0,6.5,250.0,120.0,23.0,9.0,532.0,own,single,business,0
51.0,14.6,250.0,120.0,50.0,6.0,300.0,rent,married,medical,0
49.0,16.2,250.0,120.0,47.0,4.0,314.0,own,married,business,0
57.0,10.0,250.0,120.0,43.0,8.0,511.0,own,married,home_improvement,0
49.0,11.3,250.0,120.0,31.0,10.0,300.0,own,divorced,car,0
54.0,16.5,250.0,120.0,35.0,6.0,363.0,own,single,medical,0
53.0,10.7,250.0,120.0,36.0,10.0,300.0,rent,married,car,1
39.0,11.6,250.0,120.0,49.0,11.0,384.0,free,single,education,1
53.0,10.8,250.0,120.0,28.0,10.0,300.0,own,single,medical,0
57.0,9.3,250.0,120.0,44.0,2.0,437.0,rent,married,medical,0
63.0,10.6,250.0,52.0,42.0,12.0,313.0,rent,single,business,1
50.0,9.8,250.0,120.0,39.0,10.0,498.0,free,married,business,0
52.0,13.9,250.0,120.0,34.0,6.0,370.0,rent,married,car,0
56.0,11.5,250.0,27.0,30.0,12.0,310.0,own,married,medical,0
39.0,14.7,250.0,120.0,51.0,8.0,337.0,rent,married,car,1
43.0,14.5,250.0,120.0,42.0,7.0,368.0,own,married,car,0
39.0,12.3,250.0,120.0,38.0,4.0,360.0,free,single,business,1
52.0,7.1,250.0,120.0,38.0,8.0,300.0,own,single,car,0
48.0,13.8,55.0,120.0,38.0,5.0,483.0,rent,single,car,0
51.0,13.9,250.0,120.0,33.0,5.0,300.0,own,married,home_improvement,0
49.0,14.0,250.0,120.0,30.0,6.0,439.0,own,divorced,home_improvement,0
58.0,5.9,250.0,120.0,35.0,7.0,624.0,rent,single,education,0
53.0,11.4,250.0,120.0,33.0,12.0,300.0,rent,married,home_improvement,0
52.0,8.2,250.0,120.0,44.0,9.0,505.0,own,married,home_improvement,0
40.0,10.3,250.0,120.0,35.0,2.0,322.0,free,married,education,0
49.0,10.5,250.0,120.0,54.0,8.0,300.0,rent,married,home_improvement,1
53.0,7.6,250.0,120.0,42.0,8.0,478.0,own,married,business,0
45.0,16.0,250.0,120.0,26.0,11.0,393.0,rent,married,medical,0
54.0,10.0,250.0,120.0,30.0,7.0,300.0,rent,divorced,car,0
54.0,13.8,250.0,120.0,50.0,12.0,300.0,rent,single,education,1
33.0,13.4,250.0,15.0,31.0,10.0,371.0,own,divorced,education,0
52.0,14.3,250.0,120.0,31.0,5.0,420.0,own,single,education,0
50.0,12.5,250.0,120.0,47.0,5.0,306.0,free,married,medical,1
52.0,14.8,250.0,120.0,36.0,10.0,300.0,free,single,home_improvement,1
55.0,8.3,250.0,103.0,33.0,12.0,300.0,rent,single,business,1
51.0,14.7,250.0,120.0,36.0,12.0,300.0,free,single,business,0
55.0,6.3,250.0,120.0,29.0,4.0,531.0,rent,married,medical,0
50.0,18.9,250.0,120.0,29.0,4.0,364.0,rent,single,business,0
55.0,12.3,250.0,120.0,33.0,4.0,381.0,rent,single,education,1
42.0,12.1,250.0,120.0,51.0,4.0,343.0,rent,married,car,1
52.0,9.8,250.0,120.0,38.0,5.0,339.0,rent,married,education,1
40.0,11.4,250.0,100.0,41.0,12.0,520.0,own,married,home_improvement,0
41.0,19.0,250.0,120.0,39.0,3.0,355.0,rent,divorced,business,1
54.0,11.6,250.0,120.0,42.0,9.0,300.0,own,married,business,0
45.0,15.1,250.0,120.0,54.0,4.0,363.0,own,single,business,0
36.0,11.8,250.0,120.0,30.0,2.0,300.0,rent,single,medical,1
48.0,12.2,142.0,120.0,43.0,6.0,407.0,own,divorced,medical,0
49.0,7.2,250.0,120.0,48.0,9.0,507.0,own,single,car,0
42.0,7.6,250.0,120.0,39.0,5.0,385.0,rent,married,car,1
47.0,12.4,250.0,120.0,44.0,3.0,300.0,rent,divorced,education,1
44.0,0.2,250.0,18.0,43.0,4.0,597.0,own,divorced,medical,0
42.0,14.9,250.0,120.0,54.0,4.0,379.0,own,married,business,1
28.0,10.7,250.0,120.0,32.0,12.0,327.0,own,married,medical,0
50.0,15.1,250.0,120.0,41.0,6.0,333.0,rent,married,home_improvement,1
39.0,16.5,250.0,120.0,49.0,2.0,312.0,rent,married,business,0
53.0,13.6,250.0,120.0,30.0,11.0,300.0,own,single,education,0
42.0,13.9,250.0,120.0,41.0,12.0,438.0,rent,single,education,0
51.0,12.3,250.0,120.0,27.0,10.0,300.0,own,married,car,0
52.0,14.0,250.0,120.0,31.0,10.0,300.0,own,single,business,0
54.0,8.9,250.0,120.0,39.0,8.0,330.0,free,married,education,0
44.0,13.1,250.0,120.0,49.0,6.0,300.0,own,single,education,0
42.0,13.5,250.0,120.0,41.0,2.0,300.0,own,divorced,car,0
39.0,14.1,250.0,120.0,31.0,12.0,412.0,own,married,home_improvement,0
48.0,15.7,250.0,120.0,32.0,4.0,334.0,rent,married,medical,1
48.0,12.8,250.0,120.0,44.0,3.0,392.0,free,married,business,0
57.0,11.5,250.0,120.0,12.0,12.0,300.0,free,single,business,0
38.0,9.4,250.0,120.0,40.0,5.0,402.0,own,married,medical,0
49.0,15.6,250.0,120.0,33.0,6.0,305.0,own,single,business,0
42.0,5.0,250.0,120.0,45.0,5.0,428.0,rent,divorced,home_improvement,1
50.0,6.1,250.0,120.0,42.0,5.0,478.0,own,married,business,0
52.0,16.6,250.0,120.0,42.0,8.0,300.0,rent,divorced,business,0
50.0,14.9,250.0,120.0,43.0,5.0,530.0,rent,divorced,business,0
54.0,13.1,250.0,120.0,29.0,9.0,300.0,own,divorced,home_improvement,0
52.0,13.1,250.0,120.0,36.0,3.0,345.0,rent,single,home_improvement,0
49.0,10.6,240.0,120.0,47.0,4.0,484.0,own,divorced,business,0
37.0,12.4,250.0,120.0,40.0,7.0,357.0,own,married,car,0
53.0,9.4,250.0,120.0,30.0,7.0,300.0,rent,married,medical,1
46.0,14.8,250.0,82.0,39.0,9.0,460.0,rent,married,medical,0
50.0,10.0,250.0,120.0,50.0,11.0,300.0,rent,single,car,0
49.0,13.7,250.0,120.0,30.0,6.0,370.0,rent,single,education,0
43.0,5.0,250.0,120.0,39.0,6.0,372.0,free,single,medical,1
60.0,12.2,250.0,120.0,32.0,8.0,403.0,free,single,education,0
41.0,14.4,250.0,120.0,39.0,12.0,423.0,rent,married,medical,1
52.0,12.5,250.0,120.0,32.0,6.0,308.0,own,divorced,home_improvement,0
55.0,13.4,250.0,120.0,37.0,7.0,300.0,rent,married,medical,1
44.0,11.3,250.0,120.0,23.0,6.0,300.0,free,married,car,1
42.0,12.1,250.0,120.0,44.0,8.0,414.0,own,married,business,0
46.0,11.9,250.0,120.0,37.0,8.0,471.0,rent,married,business,0
51.0,8.3,250.0,120.0,36.0,8.0,373.0,own,single,medical,0
52.0,17.7,250.0,120.0,36.0,3.0,406.0,own,married,education,0
55.0,13.7,250.0,120.0,47.0,8.0,300.0,rent,single,education,1
36.0,14.6,250.0,120.0,25.0,10.0,300.0,own,married,car,0
47.0,15.6,250.0,120.0,30.0,12.0,432.0,rent,married,home_improvement,0
40.0,11.5,250.0,120.0,45.0,10.0,416.0,rent,married,medical,0
42.0,14.1,250.0,120.0,37.0,9.0,370.0,rent,divorced,car,1
39.0,2.8,250.0,120.0,19.0,7.0,485.0,own,single,education,0
56.0,16.0,250.0,120.0,45.0,4.0,434.0,own,divorced,education,0
49.0,13.3,250.0,120.0,34.0,4.0,448.0,rent,married,medical,0
46.0,11.9,250.0,120.0,28.0,2.0,364.0,rent,married,business,0
55.0,12.0,250.0,120.0,38.0,11.0,389.0,rent,married,education,0
40.0,10.9,250.0,120.0,50.0,7.0,391.0,rent,married,education,1
38.0,13.4,250.0,120.0,48.0,9.0,362.0,own,divorced,business,0
55.0,4.6,250.0,120.0,43.0,9.0,683.0,rent,married,education,0
46.0,4.4,250.0,120.0,28.0,9.0,523.0,own,married,car,0
51.0,9.1,250.0,120.0,57.0,12.0,546.0,own,married,medical,1
47.0,10.7,250.0,120.0,31.0,7.0,300.0,rent,married,business,1
54.0,15.5,250.0,120.0,51.0,4.0,411.0,own,divorced,education,0
43.0,14.6,250.0,120.0,51.0,7.0,400.0,own,single,home_improvement,0
53.0,11.9,250.0,120.0,30.0,6.0,389.0,own,married,home_improvement,0
42.0,12.2,250.0,120.0,38.0,5.0,386.0,own,single,car,0
45.0,14.0,250.0,120.0,36.0,8.0,300.0,rent,single,car,1
47.0,13.9,250.0,120.0,40.0,6.0,300.0,own,married,car,0
60.0,10.4,250.0,120.0,40.0,12.0,300.0,rent,single,home_improvement,1
54.0,12.1,250.0,120.0,33.0,12.0,300.0,rent,single,home_improvement,0
50.0,12.6,250.0,120.0,41.0,4.0,300.0,own,single,home_improvement,0
51.0,13.1,250.0,120.0,29.0,12.0,300.0,own,married,home_improvement,0
46.0,15.6,250.0,120.0,49.0,2.0,349.0,rent,married,business,1
53.0,14.5,250.0,120.0,24.0,8.0,321.0,rent,divorced,business,0
53.0,16.2,250.0,120.0,50.0,6.0,464.0,rent,single,home_improvement,0
39.0,12.9,250.0,120.0,31.0,2.0,300.0,rent,married,education,0
43.0,12.7,250.0,120.0,38.0,6.0,300.0,own,married,medical,0
46.0,4.7,250.0,120.0,54.0,4.0,434.0,own,married,medical,0
45.0,13.8,250.0,120.0,36.0,4.0,340.0,rent,married,medical,0
52.0,7.0,250.0,120.0,35.0,4.0,466.0,own,single,medical,0
40.0,12.4,250.0,120.0,35.0,8.0,403.0,rent,married,education,0
57.0,10.4,250.0,120.0,33.0,9.0,300.0,rent,married,car,0
60.0,14.0,250.0,120.0,35.0,11.0,368.0,rent,married,business,1
47.0,15.2,250.0,120.0,42.0,7.0,317.0,rent,married,home_improvement,1
41.0,10.8,250.0,120.0,36.0,6.0,301.0,own,married,home_improvement,0
54.0,13.6,250.0,120.0,27.0,4.0,472.0,own,married,education,0
51.0,14.6,250.0,120.0,36.0,6.0,315.0,own,single,education,0
49.0,6.1,250.0,120.0,42.0,5.0,451.0,rent,married,business,0
48.0,13.3,175.0,120.0,28.0,5.0,444.0,own,divorced,medical,0
34.0,10.3,250.0,120.0,44.0,7.0,352.0,own,single,car,0
64.0,10.9,250.0,120.0,37.0,9.0,664.0,own,married,education,0
49.0,13.1,250.0,120.0,39.0,3.0,430.0,own,single,education,0
52.0,17.1,250.0,120.0,33.0,3.0,402.0,rent,married,medical,0
55.0,6.9,250.0,120.0,35.0,6.0,566.0,own,single,business,0
43.0,11.8,250.0,120.0,48.0,4.0,300.0,free,married,car,1
37.0,10.7,250.0,120.0,33.0,3.0,300.0,own,single,education,0
58.0,10.7,250.0,120.0,43.0,9.0,323.0,rent,married,car,1
52.0,14.3,250.0,120.0,47.0,6.0,303.0,own,divorced,business,0
57.0,6.7,250.0,120.0,34.0,10.0,674.0,own,single,medical,0
48.0,16.0,85.0,120.0,32.0,3.0,479.0,rent,divorced,business,0
40.0,14.8,250.0,120.0,41.0,11.0,378.0,free,divorced,medical,0
50.0,13.2,250.0,120.0,44.0,5.0,427.0,rent,divorced,home_improvement,0
55.0,12.0,250.0,120.0,50.0,12.0,300.0,own,single,medical,0
45.0,12.4,250.0,120.0,44.0,2.0,300.0,own,married,education,0
48.0,12.2,250.0,120.0,47.0,4.0,454.0,rent,single,medical,0
28.0,12.5,250.0,113.0,44.0,12.0,344.0,own,single,education,0
41.0,11.7,250.0,120.0,37.0,5.0,314.0,rent,divorced,business,1
43.0,3.8,250.0,120.0,42.0,9.0,511.0,rent,married,home_improvement,1
38.0,11.1,250.0,120.0,39.0,8.0,394.0,rent,married,education,0
58.0,13.9,250.0,120.0,45.0,5.0,479.0,rent,single,education,0
51.0,14.1,250.0,120.0,45.0,5.0,453.0,rent,married,car,0
51.0,3.4,250.0,120.0,30.0,8.0,575.0,own,married,car,0
49.0,14.3,250.0,120.0,27.0,9.0,300.0,own,married,business,0
41.0,14.0,250.0,120.0,35.0,8.0,333.0,rent,divorced,medical,0
52.0,12.5,250.0,120.0,41.0,3.0,362.0,rent,single,education,0
56.0,11.7,250.0,120.0,34.0,4.0,378.0,own,single,business,0
33.0,13.9,250.0,120.0,50.0,10.0,300.0,own,married,medical,0
44.0,13.6,250.0,120.0,45.0,11.0,419.0,rent,divorced,home_improvement,0
39.0,11.6,250.0,120.0,43.0,7.0,331.0,rent,single,car,0
36.0,10.5,250.0,120.0,27.0,6.0,399.0,rent,single,business,0
39.0,11.3,250.0,120.0,39.0,2.0,331.0,own,single,car,0
41.0,10.8,250.0,120.0,41.0,4.0,320.0,own,divorced,education,0
55.0,8.8,250.0,120.0,29.0,12.0,595.0,rent,single,education,0
54.0,11.9,250.0,120.0,50.0,10.0,300.0,own,married,home_improvement,0
38.0,12.4,250.0,120.0,43.0,8.0,350.0,rent,divorced,car,0
41.0,2.3,250.0,120.0,46.0,5.0,480.0,rent,single,education,1
55.0,6.6,250.0,120.0,39.0,9.0,589.0,own,married,education,0
42.0,11.6,250.0,120.0,41.0,6.0,418.0,own,married,education,0
62.0,10.5,250.0,29.0,51.0,12.0,372.0,own,married,home_improvement,0
51.0,14.9,250.0,120.0,33.0,10.0,300.0,rent,single,education,0
54.0,12.1,250.0,120.0,45.0,6.0,300.0,rent,married,education,1
56.0,7.7,250.0,120.0,39.0,9.0,577.0,own,single,business,0
39.0,14.0,250.0,120.0,40.0,9.0,334.0,rent,married,home_improvement,0
61.0,9.9,250.0,120.0,51.0,11.0,300.0,rent,married,car,1
57.0,10.9,250.0,120.0,40.0,9.0,316.0,rent,single,medical,1
46.0,12.6,250.0,120.0,38.0,3.0,300.0,free,single,medical,0
40.0,15.2,250.0,120.0,41.0,10.0,367.0,own,divorced,home_improvement,0
44.0,10.7,250.0,120.0,41.0,5.0,428.0,own,single,business,0
50.0,4.1,250.0,120.0,37.0,10.0,632.0,rent,single,home_improvement,0
39.0,11.0,250.0,120.0,39.0,5.0,300.0,own,married,business,0
44.0,5.7,250.0,120.0,39.0,5.0,427.0,rent,single,education,1
42.0,15.5,250.0,120.0,34.0,4.0,300.0,own,single,education,0
31.0,12.4,250.0,120.0,37.0,11.0,336.0,own,married,car,0
48.0,13.2,250.0,120.0,40.0,12.0,300.0,own,single,medical,0
43.0,14.1,250.0,120.0,29.0,7.0,343.0,own,married,education,0
50.0,15.2,250.0,120.0,35.0,12.0,300.0,own,married,education,0
47.0,11.4,177.0,120.0,40.0,9.0,377.0,own,married,medical,0
49.0,14.2,250.0,120.0,51.0,4.0,300.0,rent,single,business,1
40.0,9.1,250.0,120.0,36.0,6.0,399.0,own,married,home_improvement,1
61.0,8.4,250.0,120.0,48.0,7.0,603.0,own,single,education,0
50.0,10.2,250.0,120.0,45.0,5.0,300.0,own,married,education,0
43.0,14.6,250.0,120.0,28.0,12.0,397.0,own,single,home_improvement,0
37.0,11.9,250.0,120.0,35.0,4.0,302.0,own,married,business,0
48.0,13.1,250.0,120.0,29.0,6.0,300.0,rent,single,car,0
49.0,14.2,89.0,120.0,24.0,3.0,487.0,own,single,medical,0
57.0,9.5,250.0,120.0,44.0,9.0,526.0,rent,married,business,1
50.0,16.4,250.0,120.0,28.0,4.0,393.0,free,single,home_improvement,0
31.0,9.5,250.0,120.0,40.0,4.0,300.0,own,single,education,0
29.0,9.2,250.0,120.0,46.0,2.0,300.0,own,married,business,1
38.0,11.1,250.0,92.0,44.0,8.0,431.0,own,married,home_improvement,0
37.0,11.9,250.0,120.0,43.0,5.0,342.0,rent,single,medical,0
43.0,12.5,250.0,120.0,33.0,5.0,394.0,own,divorced,education,0
31.0,11.6,250.0,120.0,48.0,10.0,333.0,rent,married,home_improvement,1
50.0,8.1,250.0,120.0,41.0,12.0,300.0,rent,divorced,medical,1
32.0,12.8,250.0,106.0,36.0,12.0,398.0,rent,married,home_improvement,0
40.0,14.5,250.0,120.0,40.0,4.0,300.0,rent,married,car,1
58.0,16.0,250.0,90.0,51.0,7.0,473.0,free,married,car,0
46.0,11.8,250.0,120.0,36.0,7.0,300.0,own,married,education,0
53.0,13.2,250.0,120.0,44.0,8.0,300.0,own,divorced,car,0
56.0,10.3,250.0,86.0,44.0,10.0,316.0,own,single,home_improvement,1
48.0,13.7,250.0,120.0,53.0,2.0,346.0,free,single,medical,1
40.0,11.9,250.0,120.0,53.0,9.0,407.0,rent,single,business,1
60.0,11.9,250.0,120.0,53.0,9.0,300.0,rent,divorced,business,1
34.0,10.2,250.0,120.0,35.0,6.0,345.0,own,married,home_improvement,0
50.0,13.9,250.0,120.0,45.0,3.0,386.0,free,married,business,1
57.0,5.9,250.0,120.0,35.0,6.0,571.0,rent,married,business,0
42.0,13.4,250.0,120.0,49.0,2.0,330.0,rent,divorced,business,1
35.0,11.9,250.0,120.0,39.0,7.0,364.0,free,single,education,1
39.0,13.0,250.0,120.0,32.0,10.0,374.0,own,married,car,0
44.0,11.4,250.0,120.0,46.0,5.0,418.0,own,divorced,business,0
47.0,13.4,250.0,120.0,25.0,3.0,312.0,rent,single,medical,0
35.0,14.2,250.0,120.0,41.0,11.0,353.0,own,married,car,0
52.0,10.4,250.0,120.0,34.0,6.0,386.0,own,single,education,0
38.0,12.9,250.0,120.0,43.0,11.0,370.0,own,married,education,0
39.0,11.0,250.0,120.0,36.0,6.0,372.0,own,married,medical,0
42.0,14.9,250.0,120.0,34.0,12.0,416.0,rent,single,business,0
44.0,11.7,250.0,120.0,38.0,3.0,300.0,rent,single,business,1
49.0,14.5,250.0,120.0,32.0,4.0,475.0,own,single,home_improvement,0
45.0,11.5,250.0,120.0,39.0,3.0,434.0,own,single,education,0
52.0,14.2,250.0,120.0,42.0,8.0,492.0,own,married,home_improvement,0
50.0,14.0,250.0,120.0,48.0,4.0,385.0,rent,single,car,1
53.0,12.5,250.0,120.0,31.0,9.0,300.0,free,single,car,1
49.0,11.1,250.0,120.0,33.0,5.0,300.0,free,married,medical,1
40.0,13.8,250.0,120.0,42.0,9.0,315.0,own,married,home_improvement,0
46.0,11.9,250.0,120.0,39.0,8.0,334.0,own,married,car,0
43.0,12.6,250.0,120.0,33.0,8.0,398.0,rent,divorced,business,0
41.0,12.2,250.0,120.0,36.0,7.0,396.0,rent,single,car,0
36.0,10.5,250.0,120.0,46.0,4.0,350.0,rent,married,home_improvement,0
50.0,20.0,105.0,120.0,34.0,6.0,536.0,rent,single,home_improvement,0
51.0,16.5,250.0,120.0,40.0,2.0,470.0,rent,married,education,1
48.0,10.9,184.0,120.0,36.0,9.0,364.0,own,divorced,education,0
55.0,9.4,250.0,120.0,32.0,7.0,463.0,own,married,education,0
49.0,3.6,250.0,120.0,35.0,2.0,437.0,own,married,education,0
32.0,13.7,250.0,52.0,46.0,12.0,371.0,own,married,education,0
41.0,10.6,250.0,120.0,43.0,2.0,388.0,own,single,education,0
45.0,11.7,250.0,120.0,38.0,9.0,465.0,rent,married,business,1
45.0,11.6,250.0,120.0,32.0,3.0,300.0,own,married,medical,0
51.0,15.3,250.0,120.0,53.0,4.0,370.0,own,divorced,home_improvement,0
44.0,13.3,250.0,120.0,34.0,3.0,300.0,rent,married,education,0
46.0,14.1,250.0,120.0,41.0,4.0,323.0,rent,single,medical,1
52.0,15.8,250.0,120.0,41.0,8.0,311.0,own,married,education,0
52.0,2.4,250.0,83.0,36.0,7.0,668.0,rent,single,medical,0
38.0,12.0,250.0,120.0,41.0,2.0,300.0,free,single,education,1
51.0,3.5,250.0,91.0,41.0,2.0,496.0,rent,single,business,1
41.0,15.2,250.0,120.0,36.0,7.0,390.0,rent,married,education,0
47.0,12.4,250.0,120.0,54.0,7.0,300.0,own,single,home_improvement,0
35.0,11.4,250.0,120.0,40.0,8.0,300.0,free,single,education,1
52.0,6.8,250.0,120.0,35.0,12.0,300.0,own,single,medical,0
53.0,14.7,250.0,120.0,41.0,6.0,351.0,free,divorced,car,0
38.0,10.1,250.0,120.0,37.0,5.0,322.0,rent,married,business,0
32.0,11.0,250.0,120.0,38.0,10.0,354.0,own,single,car,0
47.0,15.9,250.0,120.0,41.0,12.0,431.0,own,single,medical,0
53.0,11.9,250.0,120.0,35.0,4.0,378.0,rent,married,business,1
37.0,13.3,250.0,120.0,36.0,3.0,300.0,rent,single,home_improvement,0
38.0,9.5,250.0,120.0,36.0,3.0,343.0,own,married,medical,0
51.0,0.6,250.0,55.0,37.0,8.0,687.0,rent,married,business,0
52.0,13.3,250.0,100.0,58.0,8.0,300.0,rent,divorced,car,0
57.0,8.0,250.0,120.0,41.0,11.0,577.0,rent,single,education,1
55.0,10.9,250.0,120.0,29.0,3.0,410.0,rent,married,education,0
40.0,14.0,250.0,120.0,40.0,12.0,397.0,own,single,medical,0
53.0,7.9,250.0,120.0,47.0,12.0,300.0,rent,divorced,medical,1
49.0,13.4,250.0,120.0,37.0,4.0,375.0,own,divorced,business,0
42.0,15.0,250.0,120.0,37.0,5.0,342.0,rent,married,medical,0
43.0,13.7,250.0,120.0,36.0,5.0,343.0,own,married,education,0
45.0,13.7,250.0,120.0,40.0,4.0,303.0,rent,single,home_improvement,0
54.0,5.7,250.0,120.0,42.0,6.0,487.0,own,married,education,0
56.0,3.9,250.0,120.0,59.0,2.0,515.0,own,married,education,0
53.0,13.7,250.0,120.0,37.0,4.0,404.0,rent,single,education,0
52.0,13.8,250.0,120.0,41.0,3.0,390.0,rent,married,business,1
55.0,13.8,250.0,120.0,40.0,9.0,300.0,rent,married,education,1
45.0,13.5,250.0,120.0,36.0,7.0,394.0,free,married,education,0
39.0,13.7,250.0,120.0,36.0,11.0,374.0,free,married,education,1
54.0,13.2,250.0,120.0,37.0,6.0,347.0,rent,married,car,0
46.0,13.8,250.0,120.0,41.0,4.0,300.0,own,married,medical,0
50.0,10.9,250.0,120.0,36.0,8.0,342.0,rent,single,education,0
55.0,6.7,250.0,120.0,35.0,9.0,490.0,rent,single,car,0
52.0,9.0,250.0,120.0,31.0,12.0,627.0,own,single,business,0
53.0,11.6,250.0,120.0,44.0,10.0,300.0,own,married,medical,0
34.0,10.8,250.0,120.0,50.0,9.0,384.0,rent,married,education,1
44.0,13.2,250.0,120.0,33.0,8.0,300.0,rent,married,medical,0
52.0,13.4,250.0,120.0,39.0,3.0,448.0,rent,single,home_improvement,0
54.0,12.9,250.0,120.0,24.0,8.0,300.0,free,single,home_improvement,0
49.0,16.4,250.0,120.0,35.0,9.0,356.0,rent,married,education,0
49.0,14.8,250.0,120.0,31.0,6.0,300.0,own,single,car,0
36.0,15.0,250.0,120.0,48.0,9.0,300.0,own,single,education,0
53.0,10.9,250.0,67.0,35.0,4.0,401.0,own,married,medical,0
40.0,9.8,250.0,120.0,28.0,3.0,422.0,own,single,home_improvement,0
47.0,12.9,250.0,120.0,47.0,10.0,389.0,rent,single,home_improvement,1
49.0,10.4,250.0,120.0,38.0,4.0,300.0,rent,married,medical,1
44.0,12.2,250.0,120.0,40.0,3.0,381.0,own,married,education,0
41.0,13.8,250.0,120.0,31.0,7.0,329.0,own,single,education,0
39.0,11.9,250.0,120.0,41.0,8.0,350.0,rent,married,medical,0
43.0,13.4,250.0,120.0,36.0,6.0,300.0,own,divorced,business,0
50.0,15.6,250.0,120.0,38.0,3.0,456.0,rent,married,education,0
46.0,9.6,250.0,120.0,32.0,5.0,300.0,rent,married,education,0
58.0,9.1,250.0,120.0,41.0,9.0,531.0,rent,married,medical,1
50.0,16.9,168.0,120.0,34.0,2.0,485.0,own,married,car,0
56.0,13.0,250.0,111.0,31.0,8.0,348.0,rent,married,car,0
37.0,11.3,250.0,120.0,28.0,12.0,446.0,own,married,home_improvement,0
50.0,19.2,64.0,120.0,33.0,4.0,526.0,rent,single,car,0
40.0,13.9,250.0,120.0,29.0,7.0,325.0,own,single,car,0
39.0,3.0,250.0,120.0,47.0,7.0,397.0,rent,married,medical,1
48.0,8.0,250.0,120.0,45.0,3.0,371.0,rent,single,business,1
52.0,16.2,250.0,120.0,49.0,5.0,391.0,own,married,home_improvement,0
52.0,13.0,250.0,120.0,33.0,11.0,300.0,own,married,business,0
51.0,17.9,250.0,120.0,39.0,5.0,311.0,own,divorced,car,0
50.0,7.0,250.0,120.0,43.0,9.0,494.0,own,single,car,0
53.0,16.4,250.0,120.0,38.0,4.0,363.0,own,married,home_improvement,0
51.0,11.6,250.0,120.0,38.0,12.0,300.0,free,married,car,1
43.0,8.3,250.0,120.0,36.0,2.0,438.0,own,single,business,0
50.0,10.3,250.0,120.0,52.0,5.0,405.0,rent,single,education,1
52.0,7.6,250.0,120.0,45.0,12.0,300.0,free,single,education,1
43.0,12.5,250.0,120.0,46.0,10.0,420.0,own,single,medical,0
48.0,13.5,250.0,120.0,32.0,8.0,478.0,rent,single,home_improvement,0
39.0,13.9,250.0,120.0,48.0,11.0,402.0,rent,married,home_improvement,1
52.0,12.3,250.0,120.0,47.0,2.0,454.0,rent,married,education,0
39.0,11.2,250.0,120.0,36.0,8.0,421.0,own,single,education,0
52.0,13.3,250.0,120.0,25.0,4.0,374.0,own,single,home_improvement,0
50.0,10.4,250.0,120.0,50.0,7.0,378.0,own,single,car,0
46.0,13.6,250.0,120.0,42.0,2.0,357.0,rent,married,education,1
53.0,8.5,250.0,120.0,45.0,11.0,300.0,free,single,home_improvement,1
54.0,13.8,250.0,120.0,31.0,12.0,300.0,free,married,home_improvement,0
40.0,15.2,250.0,120.0,39.0,4.0,300.0,own,single,car,0
41.0,9.8,250.0,120.0,41.0,4.0,369.0,rent,single,home_improvement,1
39.0,12.7,250.0,120.0,48.0,6.0,351.0,own,divorced,business,0
52.0,4.7,250.0,120.0,44.0,6.0,591.0,free,single,education,1
45.0,15.2,250.0,120.0,35.0,5.0,300.0,own,single,home_improvement,0
49.0,11.8,250.0,120.0,32.0,5.0,300.0,free,single,medical,0
46.0,11.0,250.0,120.0,38.0,5.0,479.0,rent,divorced,business,0
32.0,12.2,250.0,120.0,40.0,10.0,310.0,own,married,education,0
40.0,13.8,250.0,120.0,41.0,12.0,424.0,own,married,education,0
54.0,6.1,250.0,120.0,38.0,4.0,361.0,rent,divorced,business,1
50.0,8.0,250.0,120.0,37.0,6.0,420.0,own,single,car,0
35.0,12.1,250.0,20.0,35.0,11.0,461.0,rent,divorced,business,0
53.0,7.0,250.0,120.0,36.0,8.0,550.0,free,single,car,0
57.0,8.6,250.0,120.0,52.0,12.0,300.0,rent,married,car,1
46.0,12.9,250.0,120.0,42.0,7.0,300.0,own,married,business,0
41.0,13.3,250.0,120.0,49.0,7.0,307.0,own,single,home_improvement,0
56.0,11.3,250.0,120.0,35.0,10.0,300.0,own,divorced,medical,0
33.0,9.6,250.0,120.0,39.0,3.0,300.0,free,single,car,1
43.0,14.4,250.0,120.0,44.0,6.0,300.0,own,divorced,education,0
49.0,11.9,250.0,120.0,47.0,10.0,305.0,own,single,business,0
51.0,11.4,250.0,120.0,45.0,10.0,300.0,own,married,business,0
45.0,11.7,250.0,120.0,40.0,7.0,456.0,free,divorced,medical,1
52.0,14.0,250.0,120.0,44.0,10.0,300.0,own,single,home_improvement,0
43.0,14.1,250.0,120.0,49.0,7.0,300.0,rent,divorced,business,1
38.0,11.7,250.0,120.0,29.0,5.0,300.0,rent,married,car,1
40.0,11.1,250.0,120.0,37.0,6.0,359.0,rent,married,car,0
53.0,17.7,250.0,120.0,30.0,4.0,328.0,free,single,car,1
53.0,15.5,250.0,120.0,31.0,2.0,388.0,rent,married,home_improvement,0
40.0,12.8,250.0,120.0,37.0,6.0,306.0,free,married,education,1
53.0,11.5,250.0,120.0,43.0,6.0,453.0,own,married,education,0
41.0,11.5,250.0,120.0,40.0,4.0,368.0,rent,single,home_improvement,1
53.0,16.0,250.0,120.0,45.0,6.0,581.0,rent,single,medical,0
54.0,13.1,250.0,120.0,44.0,9.0,324.0,rent,divorced,business,0
51.0,12.4,250.0,120.0,29.0,7.0,300.0,rent,single,medical,0
49.0,12.2,250.0,120.0,44.0,3.0,309.0,free,married,home_improvement,1
54.0,16.4,250.0,61.0,43.0,3.0,524.0,rent,divorced,home_improvement,0
57.0,11.4,250.0,120.0,35.0,7.0,300.0,rent,single,medical,1
46.0,13.1,250.0,120.0,40.0,6.0,381.0,rent,single,car,1
49.0,11.9,250.0,120.0,42.0,7.0,316.0,own,married,home_improvement,0
49.0,11.3,250.0,120.0,31.0,3.0,321.0,own,single,medical,0
48.0,12.9,250.0,120.0,41.0,5.0,300.0,own,married,medical,0
41.0,12.0,250.0,120.0,54.0,8.0,406.0,own,married,business,1
44.0,14.2,250.0,120.0,46.0,8.0,382.0,own,married,home_improvement,0
25.0,12.2,250.0,120.0,42.0,12.0,300.0,rent,single,medical,1
46.0,7.2,250.0,120.0,38.0,6.0,375.0,own,married,medical,0
52.0,9.1,250.0,120.0,44.0,5.0,405.0,free,married,medical,1
46.0,6.0,250.0,120.0,45.0,5.0,506.0,rent,single,medical,1
41.0,12.8,250.0,120.0,40.0,4.0,300.0,own,married,education,0
51.0,12.2,250.0,120.0,41.0,8.0,324.0,own,divorced,home_improvement,0
28.0,10.3,250.0,120.0,39.0,5.0,300.0,own,married,business,1
54.0,4.5,250.0,120.0,35.0,5.0,497.0,free,married,medical,0
46.0,13.2,250.0,120.0,48.0,3.0,411.0,own,single,medical,0
34.0,11.7,250.0,120.0,40.0,10.0,378.0,rent,single,medical,0
55.0,14.2,250.0,120.0,35.0,5.0,368.0,free,single,business,1
45.0,13.4,250.0,120.0,36.0,5.0,374.0,free,single,business,1
45.0,9.8,250.0,120.0,28.0,2.0,300.0,own,divorced,car,0
50.0,12.2,250.0,120.0,39.0,5.0,430.0,own,single,home_improvement,0
58.0,9.6,250.0,120.0,39.0,11.0,300.0,own,married,business,0
39.0,11.3,250.0,120.0,40.0,7.0,362.0,own,single,business,0
59.0,7.3,250.0,120.0,30.0,6.0,524.0,own,single,home_improvement,0
48.0,14.9,33.0,120.0,30.0,5.0,607.0,rent,married,medical,0
38.0,11.8,250.0,120.0,31.0,9.0,390.0,free,single,car,1
47.0,14.2,250.0,120.0,31.0,7.0,300.0,rent,married,business,0
44.0,10.1,250.0,120.0,36.0,10.0,300.0,rent,divorced,home_improvement,1
43.0,13.7,250.0,120.0,41.0,4.0,300.0,own,divorced,medical,0
45.0,12.5,250.0,120.0,42.0,4.0,389.0,rent,single,home_improvement,1
49.0,13.0,250.0,120.0,35.0,7.0,300.0,rent,married,home_improvement,1
52.0,12.4,250.0,120.0,45.0,9.0,300.0,rent,single,medical,1
60.0,7.0,250.0,120.0,39.0,3.0,519.0,free,divorced,medical,1
45.0,12.5,250.0,120.0,33.0,3.0,341.0,own,married,home_improvement,0
49.0,12.1,250.0,120.0,40.0,11.0,300.0,own,single,education,0
42.0,16.7,250.0,120.0,48.0,10.0,501.0,own,single,business,0
45.0,5.6,250.0,120.0,39.0,6.0,470.0,own,single,home_improvement,0
39.0,13.4,250.0,120.0,34.0,6.0,322.0,free,single,car,0
42.0,0.9,250.0,86.0,43.0,7.0,554.0,own,divorced,home_improvement,0
43.0,15.1,250.0,120.0,38.0,5.0,344.0,rent,married,business,0
43.0,12.6,250.0,120.0,38.0,2.0,329.0,rent,divorced,medical,0
48.0,5.1,250.0,120.0,39.0,6.0,529.0,own,single,education,0
43.0,10.6,250.0,120.0,31.0,6.0,300.0,own,married,medical,0
38.0,12.5,250.0,120.0,30.0,11.0,397.0,rent,single,business,1
51.0,12.0,250.0,120.0,40.0,10.0,300.0,rent,married,business,1
44.0,12.8,250.0,120.0,37.0,3.0,391.0,own,single,home_improvement,0
51.0,15.8,250.0,120.0,40.0,3.0,490.0,own,single,business,0
36.0,12.3,250.0,120.0,36.0,10.0,357.0,rent,married,medical,0
36.0,13.9,250.0,120.0,41.0,12.0,351.0,own,single,car,0
45.0,14.9,250.0,120.0,32.0,3.0,333.0,free,married,home_improvement,0
51.0,10.6,250.0,120.0,34.0,5.0,418.0,own,married,medical,0
45.0,6.1,250.0,120.0,38.0,6.0,377.0,own,single,education,0
51.0,15.3,250.0,120.0,33.0,5.0,494.0,rent,divorced,education,0
37.0,11.9,250.0,120.0,31.0,5.0,326.0,rent,married,business,1
38.0,13.4,250.0,120.0,46.0,7.0,313.0,rent,married,home_improvement,1
37.0,10.1,250.0,120.0,45.0,3.0,378.0,own,married,medical,0
42.0,14.3,250.0,111.0,41.0,8.0,415.0,free,married,home_improvement,0
44.0,15.0,250.0,120.0,44.0,8.0,324.0,rent,married,home_improvement,0
51.0,9.9,250.0,120.0,38.0,4.0,391.0,rent,divorced,business,0
44.0,13.3,250.0,120.0,48.0,2.0,317.0,own,married,home_improvement,0
44.0,10.7,250.0,120.0,34.0,2.0,300.0,own,single,education,0
48.0,12.8,250.0,120.0,43.0,8.0,300.0,rent,single,business,1
61.0,8.5,250.0,120.0,37.0,3.0,556.0,own,married,car,0
35.0,12.9,250.0,117.0,33.0,11.0,375.0,rent,single,car,0
51.0,6.8,250.0,120.0,47.0,4.0,327.0,own,single,medical,0
45.0,12.0,250.0,120.0,32.0,4.0,355.0,free,single,medical,0
46.0,11.4,250.0,120.0,33.0,3.0,300.0,rent,married,business,1
58.0,11.6,250.0,120.0,40.0,8.0,355.0,rent,single,car,1
52.0,12.3,250.0,120.0,40.0,3.0,321.0,rent,married,car,1
49.0,7.3,250.0,120.0,37.0,12.0,300.0,own,married,car,1
40.0,7.6,250.0,120.0,59.0,7.0,300.0,rent,married,home_improvement,1
52.0,5.0,250.0,120.0,41.0,5.0,452.0,rent,single,education,0
51.0,11.0,250.0,120.0,45.0,7.0,300.0,rent,married,education,1
51.0,15.8,250.0,120.0,40.0,3.0,450.0,own,married,medical,0
58.0,13.6,250.0,120.0,45.0,8.0,465.0,rent,married,medical,0
54.0,13.8,250.0,120.0,34.0,6.0,427.0,rent,married,home_improvement,0
49.0,6.0,250.0,120.0,57.0,8.0,482.0,rent,single,education,1
53.0,8.2,250.0,120.0,46.0,12.0,300.0,own,divorced,business,0
48.0,15.6,250.0,120.0,39.0,9.0,426.0,rent,single,education,1
